Date,Open,High,Low,Close,Adj Close,Volume
2019-04-25,0.5436660051345825,0.5881410241127014,0.534945011138916,0.5361409783363342,0.5361409783363342,51108
2019-04-26,0.5378509759902954,0.6177809834480286,0.4178049862384796,0.5794489979743958,0.5794489979743958,19625
2019-04-27,0.5797989964485168,0.5819820165634155,0.472476989030838,0.474029004573822,0.474029004573822,11821
2019-04-28,0.47380900382995605,0.5155749917030334,0.3991979956626892,0.40002700686454773,0.40002700686454773,33183
2019-04-29,0.4002059996128082,0.42981699109077454,0.35513800382614136,0.3660689890384674,0.3660689890384674,30332
2019-04-30,0.3661229908466339,0.39902201294898987,0.35912200808525085,0.3763130009174347,0.3763130009174347,7062
2019-05-01,0.3762800097465515,0.435606986284256,0.37618499994277954,0.41426900029182434,0.41426900029182434,18979
2019-05-02,0.4143959879875183,0.45621201395988464,0.39463698863983154,0.42547300457954407,0.42547300457954407,8993
2019-05-03,0.4253999888896942,0.5094619989395142,0.4100179970264435,0.470429003238678,0.470429003238678,34227
2019-05-04,0.4704369902610779,0.5023319721221924,0.4446139931678772,0.45947200059890747,0.45947200059890747,63205
2019-05-05,0.4593980014324188,0.4595780074596405,0.42163801193237305,0.4226459860801697,0.4226459860801697,44049
2019-05-06,0.422432005405426,0.42677798867225647,0.37316998839378357,0.37734299898147583,0.37734299898147583,43448
2019-05-07,0.37723401188850403,0.4069640040397644,0.34623900055885315,0.36073601245880127,0.36073601245880127,45648
2019-05-08,0.3597339987754822,0.4718109965324402,0.30449000000953674,0.3366219997406006,0.3366219997406006,58711
2019-05-09,0.33659398555755615,0.4104959964752197,0.3088569939136505,0.31769898533821106,0.31769898533821106,41063
2019-05-10,0.3175419867038727,0.35327500104904175,0.23804199695587158,0.3285509943962097,0.3285509943962097,41965
2019-05-11,0.3291020095348358,0.35441499948501587,0.23753899335861206,0.30231499671936035,0.30231499671936035,75376
2019-05-12,0.30215200781822205,0.5337070226669312,0.26531800627708435,0.3739570081233978,0.3739570081233978,51030
2019-05-13,0.3739570081233978,0.48532798886299133,0.3707590103149414,0.46555399894714355,0.46555399894714355,65145
2019-05-14,0.46583500504493713,0.49956798553466797,0.3302310109138489,0.373212993144989,0.373212993144989,69216
2019-05-15,0.37306299805641174,0.45372098684310913,0.37198901176452637,0.436367005109787,0.436367005109787,86141
2019-05-16,0.4359849989414215,0.7145429849624634,0.4113599956035614,0.6855959892272949,0.6855959892272949,257476
2019-05-17,0.6849859952926636,0.6898580193519592,0.6159690022468567,0.6793400049209595,0.6793400049209595,120426
2019-05-18,0.6793400049209595,0.7298790216445923,0.672544002532959,0.6969810128211975,0.6969810128211975,68708
2019-05-19,0.696931004524231,0.8073859810829163,0.6958060264587402,0.7615200281143188,0.7615200281143188,51136
2019-05-20,0.7615200281143188,0.8325340151786804,0.7105299830436707,0.7328370213508606,0.7328370213508606,192272
2019-05-21,0.7326380014419556,0.7606369853019714,0.5710639953613281,0.6509479880332947,0.6509479880332947,77438
2019-05-22,0.6509479880332947,0.6579130291938782,0.5375919938087463,0.5375919938087463,0.5375919938087463,49782
2019-05-23,0.5375919938087463,0.654699981212616,0.5198720097541809,0.6016039848327637,0.6016039848327637,62527
2019-05-24,0.6017280220985413,0.6754119992256165,0.5509340167045593,0.5532010197639465,0.5532010197639465,68121
2019-05-25,0.5532010197639465,0.5904039740562439,0.5470929741859436,0.5763229727745056,0.5763229727745056,10980
2019-05-26,0.5756790041923523,0.611365020275116,0.5580959916114807,0.6068059802055359,0.6068059802055359,11120
2019-05-27,0.6068080067634583,0.7412980198860168,0.5913739800453186,0.7005990147590637,0.7005990147590637,72985
2019-05-28,0.7001789808273315,0.7507519721984863,0.6568179726600647,0.6859279870986938,0.6859279870986938,37577
2019-05-29,0.6859279870986938,0.8586980104446411,0.6834279894828796,0.7561929821968079,0.7561929821968079,179450
2019-05-30,0.7561929821968079,0.8184720277786255,0.65140700340271,0.6592289805412292,0.6592289805412292,70805
2019-05-31,0.6592289805412292,0.7629910111427307,0.6487540006637573,0.7376000285148621,0.7376000285148621,64278
2019-06-01,0.7376000285148621,0.7489699721336365,0.6946039795875549,0.6949869990348816,0.6949869990348816,25131
2019-06-02,0.6949869990348816,0.750793993473053,0.6948850154876709,0.7350559830665588,0.7350559830665588,26732
2019-06-03,0.7350559830665588,0.7369080185890198,0.6649349927902222,0.6682140231132507,0.6682140231132507,37300
2019-06-04,0.667493999004364,0.667493999004364,0.6029700040817261,0.6567260026931763,0.6567260026931763,45892
2019-06-05,0.6564940214157104,0.6851630210876465,0.6319169998168945,0.6579920053482056,0.6579920053482056,36993
2019-06-06,0.658037006855011,0.6668609976768494,0.6311920285224915,0.6557440161705017,0.6557440161705017,17381
2019-06-07,0.6556959748268127,0.670403003692627,0.6296210289001465,0.648281991481781,0.648281991481781,42732
2019-06-08,0.6469910144805908,0.6726430058479309,0.6395879983901978,0.6585119962692261,0.6585119962692261,31576
2019-06-09,0.6585839986801147,0.6592739820480347,0.6252539753913879,0.6463689804077148,0.6463689804077148,37547
2019-06-10,0.6449980139732361,0.7054569721221924,0.6367869973182678,0.7051010131835938,0.7051010131835938,34775
2019-06-11,0.7057870030403137,0.7076089978218079,0.6497910022735596,0.6727610230445862,0.6727610230445862,36090
2019-06-12,0.6740559935569763,0.6976879835128784,0.6631879806518555,0.688435971736908,0.688435971736908,28613
2019-06-13,0.688664972782135,0.7196869850158691,0.6669319868087769,0.68544602394104,0.68544602394104,67176
2019-06-14,0.6861199736595154,0.7000380158424377,0.6674200296401978,0.6980479955673218,0.6980479955673218,38770
2019-06-15,0.6983029842376709,0.7240340113639832,0.6709910035133362,0.6919469833374023,0.6919469833374023,58821
2019-06-16,0.6919469833374023,0.7252489924430847,0.6802849769592285,0.6881200075149536,0.6881200075149536,70923
2019-06-17,0.6881200075149536,0.7029209733009338,0.668874979019165,0.6911870241165161,0.6911870241165161,75811
2019-06-18,0.6909030079841614,0.6909030079841614,0.6166710257530212,0.620169997215271,0.620169997215271,45387
2019-06-19,0.6204500198364258,0.6615999937057495,0.6180679798126221,0.6307039856910706,0.6307039856910706,27103
2019-06-20,0.6306260228157043,0.6491050124168396,0.5903859734535217,0.597461998462677,0.597461998462677,37031
2019-06-21,0.5977450013160706,0.6603729724884033,0.5595790147781372,0.5926499962806702,0.5926499962806702,22308
2019-06-22,0.5939970016479492,0.6834650039672852,0.5287820100784302,0.5436310172080994,0.5436310172080994,13020
2019-06-23,0.5436660051345825,0.6027960181236267,0.48280400037765503,0.5154550075531006,0.5154550075531006,21129
2019-06-24,0.5154550075531006,0.5931969881057739,0.459987998008728,0.4858669936656952,0.4858669936656952,13450
2019-06-25,0.48582199215888977,0.4940989911556244,0.44147899746894836,0.45493999123573303,0.45493999123573303,35163
2019-06-26,0.45493999123573303,0.5154740214347839,0.45001599192619324,0.4849970042705536,0.4849970042705536,43669
2019-06-27,0.4849970042705536,0.4961070120334625,0.3340669870376587,0.3935549855232239,0.3935549855232239,57474
2019-06-28,0.3941569924354553,0.42045798897743225,0.3639799952507019,0.37655800580978394,0.37655800580978394,28961
2019-06-29,0.3768810033798218,0.47869300842285156,0.33230501413345337,0.4419269859790802,0.4419269859790802,47164
2019-06-30,0.44153299927711487,0.44153299927711487,0.3782210052013397,0.3782210052013397,0.3782210052013397,26227
2019-07-01,0.3782210052013397,0.3884190022945404,0.3283509910106659,0.3538999855518341,0.3538999855518341,37564
2019-07-02,0.35409700870513916,0.36937999725341797,0.33509698510169983,0.3445259928703308,0.3445259928703308,60677
2019-07-03,0.34453099966049194,0.38552701473236084,0.3381600081920624,0.38352298736572266,0.38352298736572266,38445
2019-07-04,0.3831779956817627,0.38482901453971863,0.2650269865989685,0.32435399293899536,0.32435399293899536,34810
2019-07-05,0.3242869973182678,0.32695499062538147,0.2914319932460785,0.30035400390625,0.30035400390625,55091
2019-07-06,0.30050501227378845,0.3500010073184967,0.30050501227378845,0.32427000999450684,0.32427000999450684,73566
2019-07-07,0.32427000999450684,0.3490859866142273,0.3054330050945282,0.33906999230384827,0.33906999230384827,68000
2019-07-08,0.33906498551368713,0.3698199987411499,0.3353169858455658,0.35518699884414673,0.35518699884414673,58790
2019-07-09,0.35562801361083984,0.38192400336265564,0.35179799795150757,0.36720800399780273,0.36720800399780273,30711
2019-07-10,0.3673129975795746,0.4041360020637512,0.3673129975795746,0.3858709931373596,0.3858709931373596,37001
2019-07-11,0.3858650028705597,0.38748300075531006,0.3546290099620819,0.38697001338005066,0.38697001338005066,80261
2019-07-12,0.38970500230789185,0.39689698815345764,0.3698500096797943,0.3897170126438141,0.3897170126438141,51507
2019-07-13,0.3898650109767914,0.4151259958744049,0.3188770115375519,0.3354569971561432,0.3354569971561432,50247
2019-07-14,0.33549100160598755,0.33810099959373474,0.2808220088481903,0.2822349965572357,0.2822349965572357,56462
2019-07-15,0.28215500712394714,0.3426789939403534,0.26771101355552673,0.3334839940071106,0.3334839940071106,61405
2019-07-16,0.33313700556755066,0.34796300530433655,0.2891390025615692,0.2912069857120514,0.2912069857120514,33701
2019-07-17,0.29035401344299316,0.3061479926109314,0.28270500898361206,0.2937900125980377,0.2937900125980377,36618
2019-07-18,0.29386699199676514,0.31878000497817993,0.28294599056243896,0.3156909942626953,0.3156909942626953,17092
2019-07-19,0.3156909942626953,0.3174000084400177,0.2860189974308014,0.30000001192092896,0.30000001192092896,43887
2019-07-20,0.29824501276016235,0.3222559988498688,0.2722800076007843,0.2927440106868744,0.2927440106868744,46310
2019-07-21,0.2927440106868744,0.31832900643348694,0.2831850051879883,0.3157140016555786,0.3157140016555786,60286
2019-07-22,0.3170270025730133,0.3235729932785034,0.2933090031147003,0.3072090148925781,0.3072090148925781,60245
2019-07-23,0.3074899911880493,0.31080499291419983,0.280472993850708,0.2811470031738281,0.2811470031738281,48166
2019-07-24,0.2811470031738281,0.4904789924621582,0.21241599321365356,0.27169299125671387,0.27169299125671387,85995
2019-07-25,0.2722820043563843,0.3037300109863281,0.27089598774909973,0.2916930019855499,0.2916930019855499,75806
2019-07-26,0.2916949987411499,0.5235239863395691,0.2853989899158478,0.41251298785209656,0.41251298785209656,246970
2019-07-27,0.41251298785209656,0.47586899995803833,0.41123801469802856,0.4662590026855469,0.4662590026855469,239122
2019-07-28,0.4662590026855469,0.544730007648468,0.4635069966316223,0.5136150121688843,0.5136150121688843,276821
2019-07-29,0.5128269791603088,0.6483139991760254,0.4708690047264099,0.6162409782409668,0.6162409782409668,860984
2019-07-30,0.6140409708023071,0.6519150137901306,0.5385519862174988,0.6166260242462158,0.6166260242462158,1031788
2019-07-31,0.6171910166740417,0.6246359944343567,0.5321890115737915,0.5879930257797241,0.5879930257797241,873312
2019-08-01,0.5867000222206116,0.589963972568512,0.41259899735450745,0.4402509927749634,0.4402509927749634,541449
2019-08-02,0.4402469992637634,0.4419400095939636,0.3323490023612976,0.35452800989151,0.35452800989151,360453
2019-08-03,0.3544360101222992,0.3732900023460388,0.34088799357414246,0.3525089919567108,0.3525089919567108,364760
2019-08-04,0.3525570034980774,0.43620800971984863,0.3463360071182251,0.37469300627708435,0.37469300627708435,353739
2019-08-05,0.37272900342941284,0.3912239968776703,0.35056599974632263,0.3773519992828369,0.3773519992828369,621711
2019-08-06,0.3774470090866089,0.3774470090866089,0.3482210040092468,0.36226600408554077,0.36226600408554077,543537
2019-08-07,0.3611089885234833,0.364080011844635,0.33980000019073486,0.3480930030345917,0.3480930030345917,195096
2019-08-08,0.3480930030345917,0.34864500164985657,0.3239000141620636,0.33271801471710205,0.33271801471710205,53328
2019-08-09,0.3327470123767853,0.35099899768829346,0.31129300594329834,0.318342000246048,0.318342000246048,686787
2019-08-10,0.318342000246048,0.3257350027561188,0.3003999888896942,0.3104420006275177,0.3104420006275177,711476
2019-08-11,0.31129300594329834,0.3184340000152588,0.2896679937839508,0.3012700080871582,0.3012700080871582,672537
2019-08-12,0.3011600077152252,0.3083049952983856,0.28473299741744995,0.2978079915046692,0.2978079915046692,701265
2019-08-13,0.29782599210739136,0.3022550046443939,0.2846840023994446,0.2889150083065033,0.2889150083065033,671193
2019-08-14,0.2895750105381012,0.29576700925827026,0.26467299461364746,0.26990100741386414,0.26990100741386414,746302
2019-08-15,0.26990100741386414,0.2709299921989441,0.25745001435279846,0.26413199305534363,0.26413199305534363,617802
2019-08-16,0.2633430063724518,0.2645370066165924,0.23870199918746948,0.24748000502586365,0.24748000502586365,564136
2019-08-17,0.24765899777412415,0.24955500662326813,0.23761199414730072,0.24153199791908264,0.24153199791908264,365134
2019-08-18,0.24059399962425232,0.24844199419021606,0.23719699680805206,0.24207599461078644,0.24207599461078644,35845
2019-08-19,0.24219299852848053,0.24915699660778046,0.24041299521923065,0.24778400361537933,0.24778400361537933,32996
2019-08-20,0.24778400361537933,0.2547760009765625,0.24358999729156494,0.25055500864982605,0.25055500864982605,1057129
2019-08-21,0.24991899728775024,0.2868799865245819,0.24559399485588074,0.26369601488113403,0.26369601488113403,1263011
2019-08-22,0.2628229856491089,0.29502201080322266,0.2587040066719055,0.2730740010738373,0.2730740010738373,1288716
2019-08-23,0.2730740010738373,0.2867400050163269,0.25161999464035034,0.2753100097179413,0.2753100097179413,1335794
2019-08-24,0.2752240002155304,0.2807280123233795,0.26065298914909363,0.26774901151657104,0.26774901151657104,1265599
2019-08-25,0.26774901151657104,0.28424200415611267,0.25340598821640015,0.2600019872188568,0.2600019872188568,1232117
2019-08-26,0.25962701439857483,0.27754101157188416,0.244268998503685,0.24924300611019135,0.24924300611019135,1184164
2019-08-27,0.2495969980955124,0.2644580006599426,0.24054600298404694,0.24470800161361694,0.24470800161361694,1154332
2019-08-28,0.24239200353622437,0.24616999924182892,0.21669599413871765,0.21920399367809296,0.21920399367809296,235758
2019-08-29,0.21801400184631348,0.24593499302864075,0.21164199709892273,0.2229360044002533,0.2229360044002533,48977
2019-08-30,0.2229360044002533,0.22757600247859955,0.2187899947166443,0.22249600291252136,0.22249600291252136,48123
2019-08-31,0.22252699732780457,0.23937399685382843,0.22240500152111053,0.23445899784564972,0.23445899784564972,541815
2019-09-01,0.23302899301052094,0.2483309954404831,0.23070800304412842,0.23904700577259064,0.23904700577259064,122956
2019-09-02,0.23892100155353546,0.2634870111942291,0.21974900364875793,0.2526090145111084,0.2526090145111084,308198
2019-09-03,0.2525010108947754,0.2525010108947754,0.22297300398349762,0.2384909987449646,0.2384909987449646,319712
2019-09-04,0.23830600082874298,0.23933300375938416,0.1938209980726242,0.20570799708366394,0.20570799708366394,212480
2019-09-05,0.20570799708366394,0.21225400269031525,0.19276699423789978,0.20056700706481934,0.20056700706481934,262223
2019-09-06,0.20056700706481934,0.2214689999818802,0.192221000790596,0.19776299595832825,0.19776299595832825,173684
2019-09-07,0.19515100121498108,0.2252179980278015,0.18678900599479675,0.22401799261569977,0.22401799261569977,300605
2019-09-08,0.2237119972705841,0.2821120023727417,0.22280700504779816,0.2807210087776184,0.2807210087776184,936945
2019-09-09,0.2807210087776184,0.2821820080280304,0.2157289981842041,0.2410849928855896,0.2410849928855896,804538
2019-09-10,0.24061700701713562,0.2412550002336502,0.2336149960756302,0.2345779985189438,0.2345779985189438,738460
2019-09-11,0.2345779985189438,0.2347469925880432,0.20969000458717346,0.2113340049982071,0.2113340049982071,651825
2019-09-12,0.2113340049982071,0.21261699497699738,0.2083670049905777,0.20961399376392365,0.20961399376392365,620346
2019-09-13,0.2096250057220459,0.21066400408744812,0.20796699821949005,0.20870299637317657,0.20870299637317657,618010
2019-09-14,0.20907999575138092,0.21002799272537231,0.19799299538135529,0.20807500183582306,0.20807500183582306,601144
2019-09-15,0.20777200162410736,0.21423600614070892,0.20386099815368652,0.21302899718284607,0.21302899718284607,629995
2019-09-16,0.21240800619125366,0.28961899876594543,0.2123740017414093,0.261584997177124,0.261584997177124,885755
2019-09-17,0.26169800758361816,0.3761099874973297,0.25443899631500244,0.34558600187301636,0.34558600187301636,1578222
2019-09-18,0.3458400070667267,0.377005010843277,0.3257339894771576,0.32701900601387024,0.32701900601387024,1176634
2019-09-19,0.3274100124835968,0.34361299872398376,0.3140240013599396,0.33410000801086426,0.33410000801086426,1192843
2019-09-20,0.3345009982585907,0.3433089852333069,0.28282400965690613,0.2842549979686737,0.2842549979686737,925168
2019-09-21,0.2842229902744293,0.29091399908065796,0.27497801184654236,0.27570998668670654,0.27570998668670654,458891
2019-09-22,0.27582600712776184,0.2940160036087036,0.27074000239372253,0.28217899799346924,0.28217899799346924,272291
2019-09-23,0.28195899724960327,0.28383898735046387,0.2641279995441437,0.26507601141929626,0.26507601141929626,361135
2019-09-24,0.26535099744796753,0.2673099935054779,0.21157999336719513,0.21310299634933472,0.21310299634933472,754598
2019-09-25,0.2130659967660904,0.2239850014448166,0.19224999845027924,0.19922900199890137,0.19922900199890137,585798
2019-09-26,0.19719499349594116,0.20782800018787384,0.1788879930973053,0.188960999250412,0.188960999250412,398340
2019-09-27,0.18892699480056763,0.19106300175189972,0.18129000067710876,0.18898999691009521,0.18898999691009521,192592
2019-09-28,0.18891799449920654,0.1904750019311905,0.1854410022497177,0.18852199614048004,0.18852199614048004,224385
2019-09-29,0.18854500353336334,0.21352100372314453,0.17988300323486328,0.18400000035762787,0.18400000035762787,1118668
2019-09-30,0.18400000035762787,0.18588100373744965,0.1761859953403473,0.18306900560855865,0.18306900560855865,378517
2019-10-01,0.1830420047044754,0.18769200146198273,0.1647839993238449,0.16650600731372833,0.16650600731372833,340442
2019-10-02,0.16650600731372833,0.16719399392604828,0.14492200314998627,0.15244199335575104,0.15244199335575104,462331
2019-10-03,0.15174700319766998,0.15195399522781372,0.14486199617385864,0.1463869959115982,0.1463869959115982,256950
2019-10-04,0.14635199308395386,0.14807799458503723,0.1223130002617836,0.12754300236701965,0.12754300236701965,398984
2019-10-05,0.12754300236701965,0.13093799352645874,0.12243299931287766,0.12480399757623672,0.12480399757623672,206455
2019-10-06,0.12487000226974487,0.13360799849033356,0.12126900255680084,0.12148699909448624,0.12148699909448624,176788
2019-10-07,0.12197999656200409,0.12251300364732742,0.11533699929714203,0.12163600325584412,0.12163600325584412,181105
2019-10-08,0.12161000072956085,0.12161000072956085,0.11460000276565552,0.1159449964761734,0.1159449964761734,58355
2019-10-09,0.1159449964761734,0.13005800545215607,0.11454000324010849,0.13005800545215607,0.13005800545215607,326296
2019-10-10,0.13006499409675598,0.15296700596809387,0.11394599825143814,0.11808700114488602,0.11808700114488602,2524756
2019-10-11,0.11813300102949142,0.12121699750423431,0.10988199710845947,0.1107650026679039,0.1107650026679039,1751910
2019-10-12,0.11030899733304977,0.11122100055217743,0.10800699889659882,0.10899999737739563,0.10899999737739563,1734724
2019-10-13,0.10898999869823456,0.11011599749326706,0.1073480024933815,0.10785800218582153,0.10785800218582153,1635791
2019-10-14,0.10785800218582153,0.10885000228881836,0.10649500042200089,0.10815499722957611,0.10815499722957611,1624818
2019-10-15,0.10785800218582153,0.11141999810934067,0.10697899758815765,0.10944599658250809,0.10944599658250809,1727349
2019-10-16,0.10944599658250809,0.11032599955797195,0.10644400119781494,0.1083730012178421,0.1083730012178421,1646202
2019-10-17,0.10841300338506699,0.12084399908781052,0.09759999811649323,0.09973999857902527,0.09973999857902527,1674777
2019-10-18,0.09982199966907501,0.10552900284528732,0.08037900179624557,0.09081800282001495,0.09081800282001495,1638360
2019-10-19,0.09096799790859222,0.09746500104665756,0.08996599912643433,0.09669899940490723,0.09669899940490723,1691304
2019-10-20,0.0966000035405159,0.0973460003733635,0.08707399666309357,0.09574200212955475,0.09574200212955475,3012026
2019-10-21,0.09577099978923798,0.09657499939203262,0.0886090025305748,0.09425900131464005,0.09425900131464005,1710308
2019-10-22,0.09383700042963028,0.10019399970769882,0.08702299743890762,0.08762200176715851,0.08762200176715851,1520336
2019-10-23,0.087226003408432,0.08817300200462341,0.07003500312566757,0.07073500007390976,0.07073500007390976,1225506
2019-10-24,0.07073500007390976,0.07099100202322006,0.05178200080990791,0.06748300045728683,0.06748300045728683,1055191
2019-10-25,0.06748300045728683,0.07348199933767319,0.0601859986782074,0.07031100243330002,0.07031100243330002,1088549
2019-10-26,0.07044199854135513,0.08212000131607056,0.07020200043916702,0.07397399842739105,0.07397399842739105,1158421
2019-10-27,0.07397399842739105,0.18125100433826447,0.07293099910020828,0.15419700741767883,0.15419700741767883,6814804
2019-10-28,0.15571199357509613,0.15821899473667145,0.12871700525283813,0.13001200556755066,0.13001200556755066,3131447
2019-10-29,0.13001200556755066,0.13049200177192688,0.1126059964299202,0.11688899993896484,0.11688899993896484,1982461
2019-10-30,0.11680900305509567,0.11712300032377243,0.11192899942398071,0.11547999829053879,0.11547999829053879,1369277
2019-10-31,0.1155410036444664,0.11796600371599197,0.10380599647760391,0.10688800364732742,0.10688800364732742,1707749
2019-11-01,0.10688800364732742,0.12044599652290344,0.10272999852895737,0.12044599652290344,0.12044599652290344,10158691
2019-11-02,0.12044599652290344,0.12414500117301941,0.11846599727869034,0.12310600280761719,0.12310600280761719,10918689
2019-11-03,0.12257900089025497,0.1237960010766983,0.11374799907207489,0.11479199677705765,0.11479199677705765,11275319
2019-11-04,0.1147719994187355,0.12363699823617935,0.10950800031423569,0.12345399707555771,0.12345399707555771,26953366
2019-11-05,0.12345399707555771,0.1235869973897934,0.11654400080442429,0.1166130006313324,0.1166130006313324,34639802
2019-11-06,0.11664299666881561,0.1184459999203682,0.11631699651479721,0.11657699942588806,0.11657699942588806,26250101
2019-11-07,0.11667799949645996,0.12614700198173523,0.11609599739313126,0.12021700292825699,0.12021700292825699,30463035
2019-11-08,0.12019500136375427,0.12084999680519104,0.10816799849271774,0.1094530001282692,0.1094530001282692,25935970
2019-11-09,0.10956499725580215,0.11388300359249115,0.10311000049114227,0.11063700169324875,0.11063700169324875,15111562
2019-11-10,0.11059699952602386,0.11485499888658524,0.1101830005645752,0.11417599767446518,0.11417599767446518,29093227
2019-11-11,0.11417599767446518,0.1143610030412674,0.10973499715328217,0.11044400185346603,0.11044400185346603,22282810
2019-11-12,0.11052600294351578,0.11310099810361862,0.10861299932003021,0.10969199985265732,0.10969199985265732,14753949
2019-11-13,0.1097629964351654,0.1115029975771904,0.10746599733829498,0.10779599845409393,0.10779599845409393,9218878
2019-11-14,0.10768599808216095,0.10861200094223022,0.10360399633646011,0.10628999769687653,0.10628999769687653,13119226
2019-11-15,0.10628999769687653,0.1067809984087944,0.09154000133275986,0.09195400029420853,0.09195400029420853,13955017
2019-11-16,0.09205000102519989,0.09626500308513641,0.08322100341320038,0.09554900228977203,0.09554900228977203,35386648
2019-11-17,0.09554900228977203,0.15484100580215454,0.09554900228977203,0.1243320032954216,0.1243320032954216,24702896
2019-11-18,0.12443199753761292,0.12482699751853943,0.11206799745559692,0.11238899827003479,0.11238899827003479,18897314
2019-11-19,0.11247099936008453,0.11457700282335281,0.10119800269603729,0.10632500052452087,0.10632500052452087,14931603
2019-11-20,0.10632500052452087,0.1070299968123436,0.10461399704217911,0.10499799996614456,0.10499799996614456,11642121
2019-11-21,0.10508900135755539,0.10586600005626678,0.0952019989490509,0.10483100265264511,0.10483100265264511,3940947
2019-11-22,0.10483100265264511,0.10527999699115753,0.09308400005102158,0.09721100330352783,0.09721100330352783,4757879
2019-11-23,0.09719099849462509,0.11474599689245224,0.09440799802541733,0.09637200087308884,0.09637200087308884,1652639
2019-11-24,0.0963129997253418,0.09687799960374832,0.0931050032377243,0.0936259999871254,0.0936259999871254,2295832
2019-11-25,0.09360300004482269,0.09459400177001953,0.08809000253677368,0.09292499721050262,0.09292499721050262,2300580
2019-11-26,0.09296499937772751,0.09858600050210953,0.08490400016307831,0.0937110036611557,0.0937110036611557,11930773
2019-11-27,0.09373000264167786,0.10480400174856186,0.08814200013875961,0.09767100214958191,0.09767100214958191,733010
2019-11-28,0.09673299640417099,0.10760699957609177,0.0932760015130043,0.09990499913692474,0.09990499913692474,2407707
2019-11-29,0.10146000236272812,0.11005599796772003,0.09739000350236893,0.10233700275421143,0.10233700275421143,559269
2019-11-30,0.10233700275421143,0.10357099771499634,0.09920399636030197,0.1005219966173172,0.1005219966173172,250893
2019-12-01,0.1005140021443367,0.10059499740600586,0.08949899673461914,0.09327399730682373,0.09327399730682373,349127
2019-12-02,0.09328199923038483,0.09449899941682816,0.09080100059509277,0.09149400144815445,0.09149400144815445,552872
2019-12-03,0.09149400144815445,0.09358400106430054,0.08970999717712402,0.0915130004286766,0.0915130004286766,675065
2019-12-04,0.09153600037097931,0.09375300258398056,0.08818899840116501,0.08906599879264832,0.08906599879264832,834076
2019-12-05,0.08906599879264832,0.09203200042247772,0.08698700368404388,0.08745600283145905,0.08745600283145905,622828
2019-12-06,0.08749199658632278,0.08867499977350235,0.08647999912500381,0.08734600245952606,0.08734600245952606,438283
2019-12-07,0.0872960016131401,0.08829999715089798,0.08699700236320496,0.08780000358819962,0.08780000358819962,189034
2019-12-08,0.08780000358819962,0.0886550024151802,0.0870710015296936,0.08769100159406662,0.08769100159406662,167795
2019-12-09,0.08764299750328064,0.08841200172901154,0.08686699718236923,0.08733099699020386,0.08733099699020386,221790
2019-12-10,0.08732599765062332,0.08746200054883957,0.08029700070619583,0.08488500118255615,0.08488500118255615,172901
2019-12-11,0.08493299782276154,0.08637399971485138,0.08186300098896027,0.08198600262403488,0.08198600262403488,152948
2019-12-12,0.08183400332927704,0.08226499706506729,0.07900799810886383,0.07944799959659576,0.07944799959659576,249117
2019-12-13,0.07946799695491791,0.08126600086688995,0.07828599959611893,0.08051799982786179,0.08051799982786179,189501
2019-12-14,0.08053400367498398,0.08124899864196777,0.07799199968576431,0.0788239985704422,0.0788239985704422,218195
2019-12-15,0.0788239985704422,0.09449300169944763,0.07340999692678452,0.08295299857854843,0.08295299857854843,670985
2019-12-16,0.08295299857854843,0.09694399684667587,0.0779850035905838,0.08052200078964233,0.08052200078964233,1268037
2019-12-17,0.08052200078964233,0.08338499814271927,0.06978700309991837,0.07043299823999405,0.07043299823999405,686535
2019-12-18,0.07043299823999405,0.07281699776649475,0.06775999814271927,0.07252799719572067,0.07252799719572067,654307
2019-12-19,0.07252799719572067,0.07329399883747101,0.07070700079202652,0.07232300192117691,0.07232300192117691,242332
2019-12-20,0.07232300192117691,0.0723399966955185,0.07103899866342545,0.07190100103616714,0.07190100103616714,150426
2019-12-21,0.07173799723386765,0.07214300334453583,0.07029300183057785,0.07065100222826004,0.07065100222826004,148453
2019-12-22,0.0706849992275238,0.07136200368404388,0.06852100044488907,0.07078299671411514,0.07078299671411514,284649
2019-12-23,0.0707779973745346,0.07120399922132492,0.06499200314283371,0.06581900268793106,0.06581900268793106,249743
2019-12-24,0.06574899703264236,0.06999099999666214,0.06432399898767471,0.06864199787378311,0.06864199787378311,419427
2019-12-25,0.06864199787378311,0.06990999728441238,0.06363800168037415,0.06470199674367905,0.06470199674367905,271422
2019-12-26,0.06469199806451797,0.0660260021686554,0.0587799996137619,0.06114799901843071,0.06114799901843071,214227
2019-12-27,0.06115100160241127,0.06872499734163284,0.05481100082397461,0.05864400044083595,0.05864400044083595,451925
2019-12-28,0.05864400044083595,0.06619799882173538,0.05836300179362297,0.060075998306274414,0.060075998306274414,355905
2019-12-29,0.06006399914622307,0.06257499754428864,0.05939900130033493,0.0619329996407032,0.0619329996407032,161723
2019-12-30,0.061879001557826996,0.062091998755931854,0.05951299890875816,0.05962099879980087,0.05962099879980087,147539
2019-12-31,0.05957899987697601,0.059703998267650604,0.05269400030374527,0.0531730018556118,0.0531730018556118,153056
2020-01-01,0.0531730018556118,0.0608149990439415,0.053070999681949615,0.05734099820256233,0.05734099820256233,125232
2020-01-02,0.057356998324394226,0.058079998940229416,0.05559000000357628,0.05564500018954277,0.05564500018954277,143760
2020-01-03,0.05583399906754494,0.05747399851679802,0.05527700111269951,0.05695800110697746,0.05695800110697746,216690
2020-01-04,0.056970998644828796,0.06164899840950966,0.055762000381946564,0.06123099848628044,0.06123099848628044,377994
2020-01-05,0.06156099960207939,0.06286399811506271,0.05497699975967407,0.056099001318216324,0.056099001318216324,560838
2020-01-06,0.05641999840736389,0.05691700056195259,0.05475499853491783,0.05663299933075905,0.05663299933075905,213567
2020-01-07,0.05663299933075905,0.057406000792980194,0.05448399856686592,0.05490100011229515,0.05490100011229515,163392
2020-01-08,0.05490100011229515,0.056501999497413635,0.054676998406648636,0.05564500018954277,0.05564500018954277,408193
2020-01-09,0.055635999888181686,0.061553001403808594,0.054749999195337296,0.05763600021600723,0.05763600021600723,999305
2020-01-10,0.05776600167155266,0.05776600167155266,0.054090000689029694,0.05616699904203415,0.05616699904203415,629852
2020-01-11,0.05616699904203415,0.0569010004401207,0.04964299872517586,0.05547799915075302,0.05547799915075302,785797
2020-01-12,0.05571100115776062,0.05641699954867363,0.05509199947118759,0.05627400055527687,0.05627400055527687,682474
2020-01-13,0.0560699999332428,0.06320100277662277,0.055137999355793,0.05814800038933754,0.05814800038933754,814118
2020-01-14,0.057895999401807785,0.05988899990916252,0.05460000038146973,0.05577399954199791,0.05577399954199791,961992
2020-01-15,0.05623599886894226,0.06217300146818161,0.055066000670194626,0.055452000349760056,0.055452000349760056,1350190
2020-01-16,0.055493999272584915,0.05947500094771385,0.054715998470783234,0.05657000094652176,0.05657000094652176,710156
2020-01-17,0.056324999779462814,0.05724500119686127,0.0560309998691082,0.05681899935007095,0.05681899935007095,646425
2020-01-18,0.0568309985101223,0.05882199853658676,0.05644499883055687,0.05821600183844566,0.05821600183844566,776483
2020-01-19,0.058129001408815384,0.05972899869084358,0.05147000029683113,0.056230999529361725,0.056230999529361725,911834
2020-01-20,0.056230999529361725,0.057863999158144,0.04912399873137474,0.054186999797821045,0.054186999797821045,569359
2020-01-21,0.05351899936795235,0.059723999351263046,0.04841500148177147,0.0578790009021759,0.0578790009021759,576027
2020-01-22,0.05789300054311752,0.05818000063300133,0.05693399906158447,0.05763600021600723,0.05763600021600723,656423
2020-01-23,0.05755599960684776,0.05803300067782402,0.05598200112581253,0.05762699991464615,0.05762699991464615,718406
2020-01-24,0.05762699991464615,0.057868000119924545,0.05658499896526337,0.05733500048518181,0.05733500048518181,499987
2020-01-25,0.05727899819612503,0.05759299919009209,0.05614300072193146,0.05731400102376938,0.05731400102376938,602823
2020-01-26,0.05736500024795532,0.0697299987077713,0.05628399923443794,0.05727300047874451,0.05727300047874451,632350
2020-01-27,0.05762000009417534,0.058619000017642975,0.05654099956154823,0.058093998581171036,0.058093998581171036,630477
2020-01-28,0.05803300067782402,0.058823999017477036,0.056912001222372055,0.05843000113964081,0.05843000113964081,656246
2020-01-29,0.05869400128722191,0.06322000175714493,0.05488499999046326,0.06206100061535835,0.06206100061535835,961789
2020-01-30,0.06231800094246864,0.08310399949550629,0.060669999569654465,0.07851699739694595,0.07851699739694595,3240012
2020-01-31,0.08005999773740768,0.09031800180673599,0.07736899703741074,0.07937200367450714,0.07937200367450714,2879916
2020-02-01,0.0789330005645752,0.08206900209188461,0.07406400144100189,0.07486800104379654,0.07486800104379654,1567019
2020-02-02,0.0748940035700798,0.07568000257015228,0.07241600006818771,0.07285899668931961,0.07285899668931961,1093992
2020-02-03,0.07285899668931961,0.07327499985694885,0.06577000021934509,0.06952899694442749,0.06952899694442749,847472
2020-02-04,0.06989700347185135,0.07041200250387192,0.06826700270175934,0.06881199777126312,0.06881199777126312,724702
2020-02-05,0.06870000064373016,0.07151199877262115,0.06848599761724472,0.07103200256824493,0.07103200256824493,886524
2020-02-06,0.07103200256824493,0.07484400272369385,0.06764599680900574,0.07294700294733047,0.07294700294733047,1326597
2020-02-07,0.07304199784994125,0.07439800351858139,0.07063999772071838,0.07357999682426453,0.07357999682426453,933672
2020-02-08,0.07410000264644623,0.07569500058889389,0.07258400321006775,0.07517699897289276,0.07517699897289276,860474
2020-02-09,0.07481499761343002,0.0821710005402565,0.07457800209522247,0.07693000137805939,0.07693000137805939,1957613
2020-02-10,0.07718899846076965,0.07786799967288971,0.07108800113201141,0.07364299893379211,0.07364299893379211,931556
2020-02-11,0.07360199838876724,0.09315499663352966,0.0727429986000061,0.09306500107049942,0.09306500107049942,3934122
2020-02-12,0.0926629975438118,0.1298920065164566,0.08687099814414978,0.1082879975438118,0.1082879975438118,3362498
2020-02-13,0.1082879975438118,0.13462600111961365,0.09834600239992142,0.11855699867010117,0.11855699867010117,2323806
2020-02-14,0.11846800148487091,0.1339389979839325,0.10305500030517578,0.10645200312137604,0.10645200312137604,2441884
2020-02-15,0.10645200312137604,0.10654900223016739,0.0965299978852272,0.09879499673843384,0.09879499673843384,2124659
2020-02-16,0.09942100197076797,0.10804200172424316,0.09668000042438507,0.09979300200939178,0.09979300200939178,2388429
2020-02-17,0.10016199946403503,0.1004989966750145,0.09502100199460983,0.09702800214290619,0.09702800214290619,1615138
2020-02-18,0.09716500341892242,0.10221999883651733,0.09521300345659256,0.10185500234365463,0.10185500234365463,1668941
2020-02-19,0.10147300362586975,0.11125999689102173,0.10147300362586975,0.10817199945449829,0.10817199945449829,2204065
2020-02-20,0.10776200145483017,0.11844000220298767,0.10463300347328186,0.11669199913740158,0.11669199913740158,2492917
2020-02-21,0.116737000644207,0.12247800081968307,0.11666399985551834,0.1195250004529953,0.1195250004529953,2590733
2020-02-22,0.11931999772787094,0.11998999863862991,0.11156400293111801,0.11240000277757645,0.11240000277757645,2027159
2020-02-23,0.11240000277757645,0.11274400353431702,0.10496799647808075,0.10532700270414352,0.10532700270414352,1884718
2020-02-24,0.10542000085115433,0.10560300201177597,0.09303399920463562,0.09382700175046921,0.09382700175046921,1954137
2020-02-25,0.0939980000257492,0.0939980000257492,0.08076199889183044,0.08281400054693222,0.08281400054693222,1601676
2020-02-26,0.08269300311803818,0.10132399946451187,0.06954900175333023,0.07226599752902985,0.07226599752902985,3265061
2020-02-27,0.0722699984908104,0.07329200208187103,0.0625469982624054,0.06933999806642532,0.06933999806642532,1227804
2020-02-28,0.06893199682235718,0.07079900056123734,0.06711799651384354,0.0700170025229454,0.0700170025229454,1355473
2020-02-29,0.06975100189447403,0.08127199858427048,0.06816399842500687,0.07161100208759308,0.07161100208759308,1459224
2020-03-01,0.0717260017991066,0.07717999815940857,0.07069999724626541,0.07221999764442444,0.07221999764442444,725196
2020-03-02,0.07195500284433365,0.07361000031232834,0.06778500229120255,0.07227099686861038,0.07227099686861038,650488
2020-03-03,0.07174000144004822,0.07829999923706055,0.07133600115776062,0.07789800316095352,0.07789800316095352,1309392
2020-03-04,0.07791899889707565,0.07810299843549728,0.07428699731826782,0.07487799972295761,0.07487799972295761,725707
2020-03-05,0.07488600164651871,0.07665000110864639,0.07370000332593918,0.07605600357055664,0.07605600357055664,279203
2020-03-06,0.07605600357055664,0.07743799686431885,0.07480700314044952,0.07667999714612961,0.07667999714612961,260828
2020-03-07,0.07668299973011017,0.07750099897384644,0.0749950036406517,0.07518400251865387,0.07518400251865387,229782
2020-03-08,0.07518400251865387,0.07589700073003769,0.0680370032787323,0.06805600225925446,0.06805600225925446,368220
2020-03-09,0.06803900003433228,0.0699400007724762,0.05852999910712242,0.060575999319553375,0.060575999319553375,411675
2020-03-10,0.060568999499082565,0.07673300057649612,0.060488998889923096,0.07108700275421143,0.07108700275421143,736094
2020-03-11,0.07108999788761139,0.07108999788761139,0.0646430030465126,0.06592600047588348,0.06592600047588348,388366
2020-03-12,0.06593900173902512,0.06595200300216675,0.03700299933552742,0.0372450016438961,0.0372450016438961,756094
2020-03-13,0.037257999181747437,0.04343099892139435,0.03268799930810928,0.03804200142621994,0.03804200142621994,623827
2020-03-14,0.038743000477552414,0.04344699904322624,0.03691200166940689,0.04139399901032448,0.04139399901032448,220333
2020-03-15,0.04139399901032448,0.046362001448869705,0.038885001093149185,0.04318400099873543,0.04318400099873543,353695
2020-03-16,0.043161001056432724,0.05002700164914131,0.038120999932289124,0.040181998163461685,0.040181998163461685,887697
2020-03-17,0.04056499898433685,0.04516199976205826,0.04009300097823143,0.04354200139641762,0.04354200139641762,408197
2020-03-18,0.04355800151824951,0.044773999601602554,0.04026100039482117,0.0413069985806942,0.0413069985806942,215761
2020-03-19,0.0413069985806942,0.05136900022625923,0.0409649983048439,0.04924200102686882,0.04924200102686882,422936
2020-03-20,0.04905200004577637,0.05379899963736534,0.0464170016348362,0.04769099876284599,0.04769099876284599,444148
2020-03-21,0.04769099876284599,0.048930998891592026,0.04661500081419945,0.04825500026345253,0.04825500026345253,170209
2020-03-22,0.04820999875664711,0.049226999282836914,0.04575200006365776,0.04580400139093399,0.04580400139093399,207462
2020-03-23,0.04580400139093399,0.046730998903512955,0.04300199821591377,0.045441001653671265,0.045441001653671265,182603
2020-03-24,0.04552000015974045,0.046675000339746475,0.04464099928736687,0.04638899862766266,0.04638899862766266,161159
2020-03-25,0.0463160015642643,0.04641599953174591,0.045145999640226364,0.0458730012178421,0.0458730012178421,120316
2020-03-26,0.0458730012178421,0.046695999801158905,0.045448001474142075,0.046588998287916183,0.046588998287916183,127553
2020-03-27,0.04659799858927727,0.05646299943327904,0.045862000435590744,0.04762300103902817,0.04762300103902817,136331
2020-03-28,0.04784800112247467,0.048156000673770905,0.0443510003387928,0.04619299992918968,0.04619299992918968,180978
2020-03-29,0.046199001371860504,0.04667399823665619,0.04239499941468239,0.04300500079989433,0.04300500079989433,227603
2020-03-30,0.04299899935722351,0.04592499881982803,0.042148999869823456,0.04388299956917763,0.04388299956917763,106115
2020-03-31,0.04382399842143059,0.044739000499248505,0.043460000306367874,0.04456799849867821,0.04456799849867821,76699
2020-04-01,0.04456799849867821,0.04456799849867821,0.04262600094079971,0.04405700042843819,0.04405700042843819,89608
2020-04-02,0.04408400133252144,0.04540399834513664,0.04381899908185005,0.04396099969744682,0.04396099969744682,61967
2020-04-03,0.043953001499176025,0.04641199856996536,0.04361100122332573,0.04582900181412697,0.04582900181412697,264629
2020-04-04,0.045837998390197754,0.05207100138068199,0.04336100071668625,0.04995400086045265,0.04995400086045265,417090
2020-04-05,0.05008700117468834,0.05209200084209442,0.04542599990963936,0.047203999012708664,0.047203999012708664,307620
2020-04-06,0.047210998833179474,0.048829998821020126,0.046215999871492386,0.04836300015449524,0.04836300015449524,211334
2020-04-07,0.04867300018668175,0.05133200064301491,0.04804300144314766,0.04842900112271309,0.04842900112271309,422206
2020-04-08,0.04842400178313255,0.05297200009226799,0.04791000112891197,0.05105099827051163,0.05105099827051163,339280
2020-04-09,0.051045000553131104,0.05622100085020065,0.05065799877047539,0.05190100148320198,0.05190100148320198,285451
2020-04-10,0.05190100148320198,0.07484699785709381,0.05116400122642517,0.0543770007789135,0.0543770007789135,2317643
2020-04-11,0.0543770007789135,0.05706999823451042,0.052974000573158264,0.05372700095176697,0.05372700095176697,247584
2020-04-12,0.053725000470876694,0.05485200136899948,0.05043699964880943,0.05166599899530411,0.05166599899530411,245897
2020-04-13,0.05147299915552139,0.05164400115609169,0.04882600158452988,0.05079000070691109,0.05079000070691109,133375
2020-04-14,0.05079000070691109,0.05106399953365326,0.04881700128316879,0.0494530014693737,0.0494530014693737,119790
2020-04-15,0.0494379997253418,0.050308000296354294,0.04812400043010712,0.04871600121259689,0.04871600121259689,77035
2020-04-16,0.048680998384952545,0.050216998904943466,0.04566200077533722,0.050209999084472656,0.050209999084472656,141633
2020-04-17,0.05020400136709213,0.050613999366760254,0.048976998776197433,0.050039999186992645,0.050039999186992645,106289
2020-04-18,0.050039999186992645,0.05222100019454956,0.04938599839806557,0.05209200084209442,0.05209200084209442,87571
2020-04-19,0.05205700173974037,0.05205700173974037,0.04869399964809418,0.050360001623630524,0.050360001623630524,85986
2020-04-20,0.050360001623630524,0.051947999745607376,0.048096999526023865,0.04902099817991257,0.04902099817991257,232512
2020-04-21,0.049049001187086105,0.05035899952054024,0.047547001391649246,0.04848900064826012,0.04848900064826012,166760
2020-04-22,0.04848099872469902,0.049633000046014786,0.04781299829483032,0.04952799901366234,0.04952799901366234,44954
2020-04-23,0.0495229996740818,0.04987400025129318,0.04810599982738495,0.04973600059747696,0.04973600059747696,74084
2020-04-24,0.04972099885344505,0.049734000116586685,0.048245999962091446,0.049185000360012054,0.049185000360012054,90701
2020-04-25,0.04915900155901909,0.04992400109767914,0.048503000289201736,0.049187999218702316,0.049187999218702316,88034
2020-04-26,0.04920699819922447,0.05153299868106842,0.048983000218868256,0.05019500106573105,0.05019500106573105,115883
2020-04-27,0.050216998904943466,0.0534840002655983,0.049837999045848846,0.05132199823856354,0.05132199823856354,187527
2020-04-28,0.05132399871945381,0.05675400048494339,0.050439998507499695,0.05044199898838997,0.05044199898838997,271507
2020-04-29,0.05045200139284134,0.05417799949645996,0.05017299950122833,0.05310500040650368,0.05310500040650368,152490
2020-04-30,0.05308099836111069,0.05406099930405617,0.05130600184202194,0.052317000925540924,0.052317000925540924,135282
2020-05-01,0.052317000925540924,0.06308700144290924,0.05187299847602844,0.06137600168585777,0.06137600168585777,404800
2020-05-02,0.061806999146938324,0.06238900125026703,0.05476599931716919,0.05733500048518181,0.05733500048518181,376581
2020-05-03,0.05734900012612343,0.058118000626564026,0.05485700070858002,0.05542699992656708,0.05542699992656708,144712
2020-05-04,0.0554019995033741,0.056894998997449875,0.05282000079751015,0.056457001715898514,0.056457001715898514,170121
2020-05-05,0.05644800141453743,0.0568929985165596,0.05453399941325188,0.05534699931740761,0.05534699931740761,74193
2020-05-06,0.05538500100374222,0.05700400099158287,0.053982000797986984,0.054735999554395676,0.054735999554395676,110928
2020-05-07,0.054735999554395676,0.06309600174427032,0.054173000156879425,0.05872400104999542,0.05872400104999542,675550
2020-05-08,0.05872400104999542,0.06034199893474579,0.05623700097203255,0.05701899901032448,0.05701899901032448,202493
2020-05-09,0.05702099949121475,0.0616299994289875,0.05661199986934662,0.06047400087118149,0.06047400087118149,409822
2020-05-10,0.06007400155067444,0.061115000396966934,0.05101500079035759,0.05341599881649017,0.05341599881649017,404489
2020-05-11,0.0534139983355999,0.054680000990629196,0.04889500141143799,0.05018499866127968,0.05018499866127968,340597
2020-05-12,0.050188999623060226,0.05323699861764908,0.04901299998164177,0.052354998886585236,0.052354998886585236,138377
2020-05-13,0.051878999918699265,0.054726000875234604,0.050592001527547836,0.051068998873233795,0.051068998873233795,280865
2020-05-14,0.051040999591350555,0.05301100015640259,0.05005599930882454,0.05286300182342529,0.05286300182342529,192958
2020-05-15,0.05286699905991554,0.05385899916291237,0.051523998379707336,0.05270500108599663,0.05270500108599663,139767
2020-05-16,0.052730999886989594,0.05656899884343147,0.0522489994764328,0.05408399924635887,0.05408399924635887,275938
2020-05-17,0.054141998291015625,0.06754899770021439,0.05365300178527832,0.05655600130558014,0.05655600130558014,1302584
2020-05-18,0.05655200034379959,0.059307001531124115,0.055948998779058456,0.05832099914550781,0.05832099914550781,290780
2020-05-19,0.05806799978017807,0.05954299867153168,0.05653500184416771,0.05719999969005585,0.05719999969005585,221286
2020-05-20,0.05720299854874611,0.058747000992298126,0.05618700012564659,0.05708099901676178,0.05708099901676178,175800
2020-05-21,0.057082001119852066,0.05793900042772293,0.05415400117635727,0.055222999304533005,0.055222999304533005,186800
2020-05-22,0.05523499846458435,0.05680999904870987,0.05389599874615669,0.05551199987530708,0.05551199987530708,156703
2020-05-23,0.05551299825310707,0.058720000088214874,0.055452000349760056,0.05856899917125702,0.05856899917125702,102284
2020-05-24,0.0583610013127327,0.0586090013384819,0.05437999963760376,0.05463999882340431,0.05463999882340431,160714
2020-05-25,0.054614998400211334,0.05866499990224838,0.05454400181770325,0.05768600106239319,0.05768600106239319,165812
2020-05-26,0.05768999829888344,0.06074799969792366,0.05648300051689148,0.05754400044679642,0.05754400044679642,229427
2020-05-27,0.05754400044679642,0.10277300328016281,0.0557899996638298,0.05787099897861481,0.05787099897861481,219303
2020-05-28,0.05845699831843376,0.0619329996407032,0.057443998754024506,0.06148200109601021,0.06148200109601021,268069
2020-05-29,0.06144300103187561,0.06337299942970276,0.05984799936413765,0.060777999460697174,0.060777999460697174,197699
2020-05-30,0.06077300012111664,0.06648200005292892,0.05899899825453758,0.06245800107717514,0.06245800107717514,190483
2020-05-31,0.0624609999358654,0.11459200084209442,0.06013200059533119,0.0873359963297844,0.0873359963297844,10523028
2020-06-01,0.08686599880456924,0.09780699759721756,0.06507900357246399,0.06614399701356888,0.06614399701356888,5340799
2020-06-02,0.06625600159168243,0.07072100043296814,0.06363999843597412,0.06541600078344345,0.06541600078344345,680957
2020-06-03,0.06541600078344345,0.06771799921989441,0.0640840008854866,0.06769400089979172,0.06769400089979172,267219
2020-06-04,0.06779500097036362,0.06896500289440155,0.06633500009775162,0.06802599877119064,0.06802599877119064,258090
2020-06-05,0.06802599877119064,0.07072699815034866,0.067781001329422,0.06989700347185135,0.06989700347185135,337544
2020-06-06,0.06989700347185135,0.07288800179958344,0.06864099949598312,0.07170400023460388,0.07170400023460388,413696
2020-06-07,0.07170400023460388,0.13847500085830688,0.07132299989461899,0.10315000265836716,0.10315000265836716,7455017
2020-06-08,0.10322800278663635,0.10326199978590012,0.08181499689817429,0.08493400365114212,0.08493400365114212,2002927
2020-06-09,0.08486200124025345,0.1133119985461235,0.08282899856567383,0.09262099862098694,0.09262099862098694,2912446
2020-06-10,0.09191299974918365,0.10491800308227539,0.08905500173568726,0.09370899945497513,0.09370899945497513,1118201
2020-06-11,0.0937030017375946,0.0973770022392273,0.08088400214910507,0.08281899988651276,0.08281899988651276,641427
2020-06-12,0.08298400044441223,0.09165500104427338,0.08249899744987488,0.08950600028038025,0.08950600028038025,312289
2020-06-13,0.08947200328111649,0.11076299846172333,0.08935000002384186,0.10707899928092957,0.10707899928092957,1372255
2020-06-14,0.10729199647903442,0.11023999750614166,0.09890899807214737,0.10131900012493134,0.10131900012493134,1687343
2020-06-15,0.10131700336933136,0.10590299963951111,0.08857599645853043,0.1008170023560524,0.1008170023560524,950559
2020-06-16,0.10082100331783295,0.10656099766492844,0.0990459993481636,0.10118400305509567,0.10118400305509567,791937
2020-06-17,0.10118500143289566,0.12182500213384628,0.09994000196456909,0.10661499947309494,0.10661499947309494,1199240
2020-06-18,0.10661499947309494,0.11001300066709518,0.10124800354242325,0.10189100354909897,0.10189100354909897,577618
2020-06-19,0.10230299830436707,0.10663600265979767,0.09719199687242508,0.10160200297832489,0.10160200297832489,1127876
2020-06-20,0.10159000009298325,0.10950899869203568,0.10094500333070755,0.10486499965190887,0.10486499965190887,689622
2020-06-21,0.10407400131225586,0.10650300234556198,0.10248400270938873,0.10273800045251846,0.10273800045251846,390081
2020-06-22,0.10303699970245361,0.10481499880552292,0.09999699890613556,0.10176900029182434,0.10176900029182434,428215
2020-06-23,0.1017410010099411,0.10238099843263626,0.0951170027256012,0.0968099981546402,0.0968099981546402,480220
2020-06-24,0.09704499691724777,0.09730900079011917,0.08837299793958664,0.09007299691438675,0.09007299691438675,553800
2020-06-25,0.09006000310182571,0.09276100248098373,0.08365099877119064,0.09063500165939331,0.09063500165939331,528925
2020-06-26,0.09063299745321274,0.09316299855709076,0.08510100096464157,0.08821800351142883,0.08821800351142883,867905
2020-06-27,0.08823200315237045,0.09215900301933289,0.08274500072002411,0.08347900211811066,0.08347900211811066,564635
2020-06-28,0.08347900211811066,0.08777300268411636,0.08347500115633011,0.08451200276613235,0.08451200276613235,437332
2020-06-29,0.08448900282382965,0.08547499775886536,0.08287700265645981,0.08479899913072586,0.08479899913072586,297602
2020-06-30,0.08481200039386749,0.08959600329399109,0.0839110016822815,0.08813799917697906,0.08813799917697906,365192
2020-07-01,0.08811300247907639,0.10165800154209137,0.08566299825906754,0.09411399811506271,0.09411399811506271,736708
2020-07-02,0.09433399885892868,0.10209400206804276,0.09245199710130692,0.09574200212955475,0.09574200212955475,1116762
2020-07-03,0.0957539975643158,0.09754899889230728,0.09023100137710571,0.09241899847984314,0.09241899847984314,325669
2020-07-04,0.09244000166654587,0.09523200243711472,0.09081900119781494,0.09221299737691879,0.09221299737691879,250310
2020-07-05,0.09302700310945511,0.09458500146865845,0.09066600352525711,0.09187699854373932,0.09187699854373932,215941
2020-07-06,0.09187699854373932,0.09361500293016434,0.0918470025062561,0.09213700145483017,0.09213700145483017,344519
2020-07-07,0.09204500168561935,0.09446399658918381,0.08957300335168839,0.09040000289678574,0.09040000289678574,321368
2020-07-08,0.09034600108861923,0.09141899645328522,0.08820799738168716,0.08948399871587753,0.08948399871587753,263549
2020-07-09,0.0893239974975586,0.09136799722909927,0.08828900009393692,0.09036699682474136,0.09036699682474136,238896
2020-07-10,0.09036699682474136,0.09066399931907654,0.08895699679851532,0.09046799689531326,0.09046799689531326,269780
2020-07-11,0.09048700332641602,0.09277699887752533,0.09028100222349167,0.09106799960136414,0.09106799960136414,239958
2020-07-12,0.09103500097990036,0.09321299940347672,0.0902319997549057,0.09304600208997726,0.09304600208997726,271329
2020-07-13,0.09304600208997726,0.09763199836015701,0.09115400165319443,0.09572699666023254,0.09572699666023254,524117
2020-07-14,0.09572699666023254,0.10274799913167953,0.0934310033917427,0.10067500174045563,0.10067500174045563,820874
2020-07-15,0.10068900138139725,0.10262700170278549,0.09819500148296356,0.09953899681568146,0.09953899681568146,326471
2020-07-16,0.09961900115013123,0.09961999952793121,0.09448099881410599,0.09773600101470947,0.09773600101470947,461073
2020-07-17,0.09795399755239487,0.09815099835395813,0.09420199692249298,0.0952949970960617,0.0952949970960617,325913
2020-07-18,0.09501300007104874,0.09735500067472458,0.09480900317430496,0.09660399705171585,0.09660399705171585,191647
2020-07-19,0.0958620011806488,0.09736700356006622,0.0940139964222908,0.09569299966096878,0.09569299966096878,236109
2020-07-20,0.09571799635887146,0.10483899712562561,0.09439200162887573,0.10094600170850754,0.10094600170850754,516706
2020-07-21,0.10094600170850754,0.11292999982833862,0.100443996489048,0.10298199951648712,0.10298199951648712,1364691
2020-07-22,0.10297899693250656,0.10687100142240524,0.1001729965209961,0.10514900088310242,0.10514900088310242,589938
2020-07-23,0.10514900088310242,0.10514900088310242,0.09836199879646301,0.10012699663639069,0.10012699663639069,346641
2020-07-24,0.10012699663639069,0.10102000087499619,0.09571799635887146,0.0984330028295517,0.0984330028295517,213709
2020-07-25,0.0986040011048317,0.09990900009870529,0.09394499659538269,0.09893900156021118,0.09893900156021118,829853
2020-07-26,0.09868299961090088,0.10022900253534317,0.0887880027294159,0.08941800147294998,0.08941800147294998,692252
2020-07-27,0.08941599726676941,0.08999700099229813,0.08283200114965439,0.08461599797010422,0.08461599797010422,690760
2020-07-28,0.0846019983291626,0.08552300184965134,0.0829790011048317,0.08442500233650208,0.08442500233650208,425908
2020-07-29,0.08444199711084366,0.08758500218391418,0.08424600213766098,0.08668799698352814,0.08668799698352814,294693
2020-07-30,0.08668799698352814,0.08827999979257584,0.0855880007147789,0.08797399699687958,0.08797399699687958,255175
2020-07-31,0.08803100138902664,0.08900299668312073,0.08676999807357788,0.08814799785614014,0.08814799785614014,266734
2020-08-01,0.08814799785614014,0.09049999713897705,0.08786000311374664,0.09016899764537811,0.09016899764537811,297274
2020-08-02,0.09016600251197815,0.09031599760055542,0.08390499651432037,0.084757000207901,0.084757000207901,492901
2020-08-03,0.084757000207901,0.08698499947786331,0.084648996591568,0.08576100319623947,0.08576100319623947,177433
2020-08-04,0.08575800061225891,0.08627799898386002,0.08406800031661987,0.08498000353574753,0.08498000353574753,227856
2020-08-05,0.08499100059270859,0.08805099874734879,0.08365499973297119,0.08623900264501572,0.08623900264501572,313309
2020-08-06,0.08623900264501572,0.09103900194168091,0.08614999800920486,0.08733800053596497,0.08733800053596497,453771
2020-08-07,0.08734100311994553,0.08791600167751312,0.08395499736070633,0.08525499701499939,0.08525499701499939,316340
2020-08-08,0.08525999635457993,0.0873510017991066,0.084136001765728,0.08580899983644485,0.08580899983644485,205068
2020-08-09,0.08562400192022324,0.09020300209522247,0.08484400063753128,0.0900849997997284,0.0900849997997284,385595
2020-08-10,0.0900849997997284,0.09118500351905823,0.08757200092077255,0.08897799998521805,0.08897799998521805,258492
2020-08-11,0.08901099860668182,0.09028200060129166,0.08710499852895737,0.0886249989271164,0.0886249989271164,312834
2020-08-12,0.08862099796533585,0.08885599672794342,0.08539500087499619,0.08860400319099426,0.08860400319099426,227156
2020-08-13,0.08859200030565262,0.09205000102519989,0.08614300191402435,0.09042900055646896,0.09042900055646896,311414
2020-08-14,0.09040500223636627,0.09483499825000763,0.09012799710035324,0.09152299910783768,0.09152299910783768,351533
2020-08-15,0.09153600037097931,0.11186700314283371,0.09138499945402145,0.10946299880743027,0.10946299880743027,357311
2020-08-16,0.10924500226974487,0.11352299898862839,0.10806400328874588,0.11301600188016891,0.11301600188016891,321836
2020-08-17,0.11301600188016891,0.11422599852085114,0.10991200059652328,0.11114499717950821,0.11114499717950821,325727
2020-08-18,0.11110399663448334,0.11434700340032578,0.10852299630641937,0.11097999662160873,0.11097999662160873,305942
2020-08-19,0.11130499839782715,0.11229600012302399,0.09853900223970413,0.09958299994468689,0.09958299994468689,479918
2020-08-20,0.09958299994468689,0.10968499630689621,0.09700900316238403,0.1031389981508255,0.1031389981508255,456626
2020-08-21,0.10273700207471848,0.10472799837589264,0.09523499757051468,0.09820099920034409,0.09820099920034409,909131
2020-08-22,0.09808900207281113,0.1041639968752861,0.09403400123119354,0.0994350016117096,0.0994350016117096,681543
2020-08-23,0.09935799986124039,0.11529900133609772,0.09916699677705765,0.11209800094366074,0.11209800094366074,243994
2020-08-24,0.1122020035982132,0.11341100186109543,0.10905300080776215,0.11255200207233429,0.11255200207233429,235671
2020-08-25,0.11199399828910828,0.11445900052785873,0.0982460007071495,0.09889999777078629,0.09889999777078629,737892
2020-08-26,0.09887100011110306,0.10237599909305573,0.09531299769878387,0.09973400086164474,0.09973400086164474,564936
2020-08-27,0.09974899888038635,0.10118500143289566,0.09125600010156631,0.09312599897384644,0.09312599897384644,454153
2020-08-28,0.09320800006389618,0.0975859984755516,0.091000996530056,0.09446600079536438,0.09446600079536438,252632
2020-08-29,0.09512700140476227,0.10001800209283829,0.09430299699306488,0.09906599670648575,0.09906599670648575,359586
2020-08-30,0.09857899695634842,0.10372599959373474,0.09758400171995163,0.10128699988126755,0.10128699988126755,443629
2020-08-31,0.10128100216388702,0.10988199710845947,0.09540200233459473,0.09670200198888779,0.09670200198888779,1045530
2020-09-01,0.09668999910354614,0.10080499947071075,0.09155800193548203,0.09186200052499771,0.09186200052499771,409366
2020-09-02,0.09132199734449387,0.09595199674367905,0.08718100190162659,0.08845199644565582,0.08845199644565582,603032
2020-09-03,0.08845499902963638,0.08982499688863754,0.06855099648237228,0.07127399742603302,0.07127399742603302,549973
2020-09-04,0.07127700001001358,0.07840800285339355,0.06921400129795074,0.07551400363445282,0.07551400363445282,360475
2020-09-05,0.07546799629926682,0.07656300067901611,0.06464599817991257,0.06525900214910507,0.06525900214910507,209366
2020-09-06,0.06528999656438828,0.07120700180530548,0.06479500234127045,0.06779900193214417,0.06779900193214417,205959
2020-09-07,0.06793200224637985,0.06998900324106216,0.0649380013346672,0.069022998213768,0.069022998213768,160081
2020-09-08,0.069022998213768,0.07011900097131729,0.06602499634027481,0.0670429989695549,0.0670429989695549,575713
2020-09-09,0.06704799830913544,0.0719280019402504,0.06633099913597107,0.07050999999046326,0.07050999999046326,191455
2020-09-10,0.0704369992017746,0.07940500229597092,0.07004600018262863,0.07585500180721283,0.07585500180721283,229262
2020-09-11,0.07589399814605713,0.0784280002117157,0.07243800163269043,0.07609099894762039,0.07609099894762039,130744
2020-09-12,0.07611499726772308,0.07778000086545944,0.07449299842119217,0.07492800056934357,0.07492800056934357,100474
2020-09-13,0.07492800056934357,0.07563699781894684,0.07160600274801254,0.07322599738836288,0.07322599738836288,119432
2020-09-14,0.07332400232553482,0.07470300048589706,0.07207299768924713,0.07409399747848511,0.07409399747848511,87216
2020-09-15,0.07409399747848511,0.07526200264692307,0.0704760029911995,0.0711050033569336,0.0711050033569336,91444
2020-09-16,0.07112199813127518,0.07161500304937363,0.06762699782848358,0.06988999992609024,0.06988999992609024,104746
2020-09-17,0.06988999992609024,0.07189299911260605,0.0689070001244545,0.07041499763727188,0.07041499763727188,73868
2020-09-18,0.07041499763727188,0.07390899956226349,0.06922200322151184,0.07208500057458878,0.07208500057458878,119955
2020-09-19,0.0720829963684082,0.07601100206375122,0.07094799727201462,0.07542800158262253,0.07542800158262253,66183
2020-09-20,0.07381699979305267,0.0753680020570755,0.07245100289583206,0.07347500324249268,0.07347500324249268,102032
2020-09-21,0.07355800271034241,0.07378999888896942,0.06544099748134613,0.06762199848890305,0.06762199848890305,176589
2020-09-22,0.0677030012011528,0.07145600020885468,0.06646899878978729,0.07003200054168701,0.07003200054168701,181940
2020-09-23,0.07103200256824493,0.07406400144100189,0.06603100150823593,0.06603600084781647,0.06603600084781647,190385
2020-09-24,0.06714800000190735,0.07213400304317474,0.0668570026755333,0.07152999937534332,0.07152999937534332,98839
2020-09-25,0.07153499871492386,0.07198599725961685,0.0700720027089119,0.07075899839401245,0.07075899839401245,99071
2020-09-26,0.07070700079202652,0.08421400189399719,0.070592001080513,0.0795620009303093,0.0795620009303093,1281647
2020-09-27,0.07965199649333954,0.09374400228261948,0.07331199944019318,0.07797999680042267,0.07797999680042267,1476460
2020-09-28,0.0792279988527298,0.08121500164270401,0.07714899629354477,0.07754699885845184,0.07754699885845184,295802
2020-09-29,0.07724999636411667,0.08532600104808807,0.0757410004734993,0.07668399810791016,0.07668399810791016,590026
2020-09-30,0.07823800295591354,0.07998400181531906,0.07646100223064423,0.0785209983587265,0.0785209983587265,127996
2020-10-01,0.07864599674940109,0.07974100112915039,0.07429800182580948,0.07533200085163116,0.07533200085163116,180066
2020-10-02,0.07526099681854248,0.07607199996709824,0.07302100211381912,0.07572200149297714,0.07572200149297714,136113
2020-10-03,0.07573699951171875,0.07601500302553177,0.0734890028834343,0.07490800321102142,0.07490800321102142,102641
2020-10-04,0.07479999959468842,0.0754380002617836,0.07137800008058548,0.07211200147867203,0.07211200147867203,174781
2020-10-05,0.07211200147867203,0.07240299880504608,0.06838999688625336,0.06882300227880478,0.06882300227880478,134378
2020-10-06,0.06905599683523178,0.07079300284385681,0.06872200220823288,0.06927099823951721,0.06927099823951721,107025
2020-10-07,0.06945300102233887,0.0695049986243248,0.06715899705886841,0.06891900300979614,0.06891900300979614,76496
2020-10-08,0.06887300312519073,0.07124599814414978,0.06708499789237976,0.07026500254869461,0.07026500254869461,113522
2020-10-09,0.07042499631643295,0.07391899824142456,0.07026199996471405,0.0737999975681305,0.0737999975681305,128193
2020-10-10,0.0738380029797554,0.07468099892139435,0.07152999937534332,0.07182899862527847,0.07182899862527847,99231
2020-10-11,0.07179299741983414,0.07378000020980835,0.07179299741983414,0.07377800345420837,0.07377800345420837,86187
2020-10-12,0.07378599792718887,0.07380600273609161,0.07095400243997574,0.07251600176095963,0.07251600176095963,122386
2020-10-13,0.0724949985742569,0.07606399804353714,0.0710809975862503,0.07154799997806549,0.07154799997806549,489902
2020-10-14,0.07099000364542007,0.07281900197267532,0.06980600208044052,0.07156399637460709,0.07156399637460709,161914
2020-10-15,0.07186900079250336,0.0720599964261055,0.06950200349092484,0.0709419995546341,0.0709419995546341,135888
2020-10-16,0.07099899649620056,0.07150900363922119,0.06914400309324265,0.06981199979782104,0.06981199979782104,146764
2020-10-17,0.07009000331163406,0.07509300112724304,0.06910800188779831,0.07012700289487839,0.07012700289487839,347961
2020-10-18,0.07007700204849243,0.07199600338935852,0.06982500106096268,0.06997399777173996,0.06997399777173996,71969
2020-10-19,0.07085900008678436,0.07103600353002548,0.06873299926519394,0.06950400024652481,0.06950400024652481,112751
2020-10-20,0.069923996925354,0.07074599713087082,0.06770899891853333,0.06878600269556046,0.06878600269556046,104420
2020-10-21,0.06907899677753448,0.07059299945831299,0.06822600215673447,0.06885900348424911,0.06885900348424911,244291
2020-10-22,0.06873799860477448,0.0704289972782135,0.06824900209903717,0.0690469965338707,0.0690469965338707,224123
2020-10-23,0.06873500347137451,0.07057599723339081,0.06797199696302414,0.06946299970149994,0.06946299970149994,113639
2020-10-24,0.06946299970149994,0.06989999860525131,0.06748999655246735,0.06846900284290314,0.06846900284290314,126452
2020-10-25,0.06846900284290314,0.06861799955368042,0.06749100238084793,0.06790100038051605,0.06790100038051605,129157
2020-10-26,0.06790100038051605,0.0681610032916069,0.06297700107097626,0.06319999694824219,0.06319999694824219,180296
2020-10-27,0.06319999694824219,0.06542599946260452,0.0583610013127327,0.059824999421834946,0.059824999421834946,149649
2020-10-28,0.05982699990272522,0.06358099728822708,0.05556099861860275,0.058719001710414886,0.058719001710414886,61063
2020-10-29,0.05872099846601486,0.06270399689674377,0.05795399844646454,0.06039699912071228,0.06039699912071228,90206
2020-10-30,0.06037300080060959,0.06185600161552429,0.05753999948501587,0.06141899898648262,0.06141899898648262,85451
2020-10-31,0.06137600168585777,0.06237399950623512,0.05934999883174896,0.06106400117278099,0.06106400117278099,76863
2020-11-01,0.06106799840927124,0.06322000175714493,0.060444001108407974,0.06251899898052216,0.06251899898052216,49306
2020-11-02,0.06256300210952759,0.06285800039768219,0.059432998299598694,0.06101499870419502,0.06101499870419502,95829
2020-11-03,0.06099899858236313,0.06111900135874748,0.057082001119852066,0.05862899869680405,0.05862899869680405,92719
2020-11-04,0.059714000672101974,0.06109999865293503,0.057165998965501785,0.0594789981842041,0.0594789981842041,94024
2020-11-05,0.05948000028729439,0.060603998601436615,0.05694200098514557,0.05827600136399269,0.05827600136399269,60296
2020-11-06,0.05827600136399269,0.0614439994096756,0.05827600136399269,0.06107800081372261,0.06107800081372261,127130
2020-11-07,0.06107800081372261,0.06345999985933304,0.058472998440265656,0.05988200008869171,0.05988200008869171,126204
2020-11-08,0.05988200008869171,0.06519600003957748,0.059553999453783035,0.06500899791717529,0.06500899791717529,76718
2020-11-09,0.06500999629497528,0.06535699963569641,0.06140099838376045,0.06223500147461891,0.06223500147461891,25907
2020-11-10,0.062231000512838364,0.06512899696826935,0.06136300042271614,0.06406799703836441,0.06406799703836441,93923
2020-11-11,0.06406699866056442,0.06679099798202515,0.06324400007724762,0.06679099798202515,0.06679099798202515,90953
2020-11-12,0.06678800284862518,0.06712500005960464,0.06417900323867798,0.06603500247001648,0.06603500247001648,99860
2020-11-13,0.06603000313043594,0.06679999828338623,0.0636110007762909,0.0651559978723526,0.0651559978723526,158305
2020-11-14,0.06516899913549423,0.06524299830198288,0.0608149990439415,0.06196900084614754,0.06196900084614754,102344
2020-11-15,0.06195700168609619,0.06333500146865845,0.06086999922990799,0.06246799975633621,0.06246799975633621,80675
2020-11-16,0.06246799975633621,0.06292600184679031,0.0605349987745285,0.06156900152564049,0.06156900152564049,179010
2020-11-17,0.06224900111556053,0.06435900181531906,0.06028800085186958,0.061326999217271805,0.061326999217271805,206450
2020-11-18,0.06132899969816208,0.06287699937820435,0.059383001178503036,0.06102899834513664,0.06102899834513664,195351
2020-11-19,0.0610320009291172,0.061524998396635056,0.05511999875307083,0.059866998344659805,0.059866998344659805,229616
2020-11-20,0.05986599996685982,0.06270500272512436,0.05835999920964241,0.06195199862122536,0.06195199862122536,129426
2020-11-21,0.06195199862122536,0.06409800052642822,0.06192899867892265,0.06388600170612335,0.06388600170612335,163007
2020-11-22,0.06388700008392334,0.06400100141763687,0.06123900040984154,0.06352300196886063,0.06352300196886063,134568
2020-11-23,0.06352099776268005,0.06609100103378296,0.061694998294115067,0.06448200345039368,0.06448200345039368,363458
2020-11-24,0.06448899954557419,0.06756100058555603,0.06324200332164764,0.06577999889850616,0.06577999889850616,348341
2020-11-25,0.06577999889850616,0.07069800049066544,0.06531599909067154,0.06736099720001221,0.06736099720001221,315134
2020-11-26,0.0673149973154068,0.06835100054740906,0.059794001281261444,0.061170000582933426,0.061170000582933426,358852
2020-11-27,0.06120600178837776,0.06334999948740005,0.059431999921798706,0.06108900159597397,0.06108900159597397,170145
2020-11-28,0.061103999614715576,0.06333000212907791,0.059018999338150024,0.061629001051187515,0.061629001051187515,98727
2020-11-29,0.06170099973678589,0.06445399671792984,0.06072400137782097,0.06410899758338928,0.06410899758338928,148723
2020-11-30,0.0640920028090477,0.06811200082302094,0.06298799812793732,0.06581799685955048,0.06581799685955048,142124
2020-12-01,0.06587500125169754,0.06611700356006622,0.06236699968576431,0.06261300295591354,0.06261300295591354,170713
2020-12-02,0.06261999905109406,0.06697099655866623,0.062178999185562134,0.06606599688529968,0.06606599688529968,199142
2020-12-03,0.06605999916791916,0.06935100257396698,0.06521199643611908,0.06814099848270416,0.06814099848270416,167234
2020-12-04,0.06812600046396255,0.06857100129127502,0.06339400261640549,0.06596700102090836,0.06596700102090836,99104
2020-12-05,0.06570400297641754,0.06877200305461884,0.06544599682092667,0.06813699752092361,0.06813699752092361,127735
2020-12-06,0.0681459978222847,0.06964000314474106,0.06638099998235703,0.06672900170087814,0.06672900170087814,186424
2020-12-07,0.06749100238084793,0.1209459975361824,0.06482899934053421,0.08341600000858307,0.08341600000858307,4679161
2020-12-08,0.08279799669981003,0.08592599630355835,0.06642600148916245,0.06776099652051926,0.06776099652051926,1780002
2020-12-09,0.06776099652051926,0.07522399723529816,0.06283599883317947,0.06708399951457977,0.06708399951457977,933838
2020-12-10,0.06684000045061111,0.06746599823236465,0.06457199901342392,0.06559199839830399,0.06559199839830399,199462
2020-12-11,0.065591000020504,0.06669799983501434,0.06457500159740448,0.06653299927711487,0.06653299927711487,171260
2020-12-12,0.06650999933481216,0.07191299647092819,0.061935000121593475,0.06281600147485733,0.06281600147485733,848899
2020-12-13,0.06281699985265732,0.06736399978399277,0.0620729997754097,0.064240001142025,0.064240001142025,520322
2020-12-14,0.06424400210380554,0.06607100367546082,0.0628649964928627,0.06374300271272659,0.06374300271272659,156049
2020-12-15,0.06374199688434601,0.06541100144386292,0.06336800009012222,0.06532199680805206,0.06532199680805206,100532
2020-12-16,0.06532199680805206,0.0663670003414154,0.063291996717453,0.06410600244998932,0.06410600244998932,142171
2020-12-17,0.06410899758338928,0.06570799648761749,0.06303700059652328,0.0631989985704422,0.0631989985704422,127842
2020-12-18,0.06321299821138382,0.06442499905824661,0.06036299839615822,0.06330700218677521,0.06330700218677521,132029
2020-12-19,0.06392300128936768,0.06482099741697311,0.0622979998588562,0.06253399699926376,0.06253399699926376,122810
2020-12-20,0.0626399964094162,0.06541500240564346,0.06235300004482269,0.06413000077009201,0.06413000077009201,130761
2020-12-21,0.06412599980831146,0.06553500145673752,0.06009700149297714,0.062231000512838364,0.062231000512838364,221714
2020-12-22,0.062268998473882675,0.06248300150036812,0.057805001735687256,0.05991699919104576,0.05991699919104576,118078
2020-12-23,0.05992300063371658,0.060903001576662064,0.0533440001308918,0.05460000038146973,0.05460000038146973,134481
2020-12-24,0.05469899997115135,0.058198001235723495,0.05146300047636032,0.0576540008187294,0.0576540008187294,107549
2020-12-25,0.05761300027370453,0.06108799949288368,0.0562019981443882,0.05708499997854233,0.05708499997854233,58848
2020-12-26,0.05711200088262558,0.059275999665260315,0.056612998247146606,0.05761700123548508,0.05761700123548508,59005
2020-12-27,0.05764399841427803,0.06201399862766266,0.05409099906682968,0.05729899927973747,0.05729899927973747,124830
2020-12-28,0.05734200030565262,0.06765499711036682,0.05515399947762489,0.05647699907422066,0.05647699907422066,1500981
2020-12-29,0.05658100172877312,0.05851000174880028,0.05459199845790863,0.056977998465299606,0.056977998465299606,310218
2020-12-30,0.05697200074791908,0.05816800147294998,0.05396300181746483,0.056790001690387726,0.056790001690387726,92576
2020-12-31,0.056793998926877975,0.05785899981856346,0.05485500022768974,0.057482000440359116,0.057482000440359116,84545
2021-01-01,0.05746399983763695,0.06057700142264366,0.05560699850320816,0.05683999881148338,0.05683999881148338,171751
2021-01-02,0.05684100091457367,0.05860099941492081,0.05253700166940689,0.05661199986934662,0.05661199986934662,88879
2021-01-03,0.056582000106573105,0.05894999951124191,0.05624600127339363,0.057402998208999634,0.057402998208999634,121363
2021-01-04,0.05744500085711479,0.062199998646974564,0.05071000009775162,0.05588399991393089,0.05588399991393089,57048
2021-01-05,0.055966999381780624,0.06090399995446205,0.05356600135564804,0.059505000710487366,0.059505000710487366,95069
2021-01-06,0.05951099842786789,0.05992000177502632,0.05402800068259239,0.058733001351356506,0.058733001351356506,124365
2021-01-07,0.058758001774549484,0.06315299868583679,0.056407999247312546,0.06236499920487404,0.06236499920487404,201557
2021-01-08,0.06239200010895729,0.0658160001039505,0.055750999599695206,0.06467600166797638,0.06467600166797638,202403
2021-01-09,0.06463000178337097,0.08790600299835205,0.06263499706983566,0.07321000099182129,0.07321000099182129,1389564
2021-01-10,0.07224799692630768,0.0776669979095459,0.06562600284814835,0.06810499727725983,0.06810499727725983,723120
2021-01-11,0.0680989995598793,0.06876800209283829,0.05701399967074394,0.0623759999871254,0.0623759999871254,275717
2021-01-12,0.06230799853801727,0.06628700345754623,0.06097700074315071,0.0635330006480217,0.0635330006480217,254847
2021-01-13,0.06350799649953842,0.06388399749994278,0.06132299825549126,0.06313200294971466,0.06313200294971466,86012
2021-01-14,0.06312199681997299,0.06763199716806412,0.06252700090408325,0.06678500026464462,0.06678500026464462,137044
2021-01-15,0.06681899726390839,0.07098300009965897,0.06404200196266174,0.06512700021266937,0.06512700021266937,153675
2021-01-16,0.06513199955224991,0.0717570036649704,0.06501799821853638,0.06819099932909012,0.06819099932909012,170581
2021-01-17,0.06815599650144577,0.069473996758461,0.06510499864816666,0.06649500131607056,0.06649500131607056,82088
2021-01-18,0.06636100262403488,0.06887499988079071,0.06547900289297104,0.06833700090646744,0.06833700090646744,102078
2021-01-19,0.06830500066280365,0.07267100363969803,0.06764400005340576,0.07142399996519089,0.07142399996519089,112272
2021-01-20,0.07129400223493576,0.07408600300550461,0.06960800290107727,0.07326100021600723,0.07326100021600723,167437
2021-01-21,0.07325500249862671,0.0736130028963089,0.06859499961137772,0.06998299807310104,0.06998299807310104,579932
2021-01-22,0.06996800005435944,0.07654699683189392,0.06565699726343155,0.07036600261926651,0.07036600261926651,238847
2021-01-23,0.0703359991312027,0.07289399951696396,0.06927800178527832,0.0710659995675087,0.0710659995675087,99204
2021-01-24,0.07108400017023087,0.07861100137233734,0.06973999738693237,0.07541699707508087,0.07541699707508087,293693
2021-01-25,0.07541000097990036,0.08140899986028671,0.07456900179386139,0.07775299996137619,0.07775299996137619,91037
2021-01-26,0.07668700069189072,0.07881200313568115,0.0731320008635521,0.0771389976143837,0.0771389976143837,98858
2021-01-27,0.07721900194883347,0.07752200216054916,0.06945300102233887,0.07447099685668945,0.07447099685668945,117228
2021-01-28,0.0743660032749176,0.07702499628067017,0.07199899852275848,0.07672599703073502,0.07672599703073502,79998
2021-01-29,0.07741899788379669,0.08066199719905853,0.07372400164604187,0.07586000114679337,0.07586000114679337,156316
2021-01-30,0.07591000199317932,0.07979200035333633,0.0724010020494461,0.07376900315284729,0.07376900315284729,185362
2021-01-31,0.07378999888896942,0.10170699656009674,0.07315299659967422,0.08488500118255615,0.08488500118255615,1456612
2021-02-01,0.08486499637365341,0.11545900255441666,0.08318299800157547,0.09002800285816193,0.09002800285816193,4350656
2021-02-02,0.09009700268507004,0.09009700268507004,0.07907400280237198,0.0854249969124794,0.0854249969124794,374164
2021-02-03,0.08542300015687943,0.08550199866294861,0.08007899671792984,0.08424899727106094,0.08424899727106094,317020
2021-02-04,0.08428700268268585,0.0861859992146492,0.08110599964857101,0.0820389986038208,0.0820389986038208,75439
2021-02-05,0.08203399926424026,0.09233500063419342,0.08203399926424026,0.08824999630451202,0.08824999630451202,331242
2021-02-06,0.08825399726629257,0.09943000227212906,0.08547300100326538,0.08744800090789795,0.08744800090789795,455345
2021-02-07,0.08746899664402008,0.09978300333023071,0.08644399791955948,0.09222300350666046,0.09222300350666046,856041
2021-02-08,0.09222500026226044,0.09804999828338623,0.08885800093412399,0.09549500048160553,0.09549500048160553,481576
2021-02-09,0.09553299844264984,0.10757400095462799,0.0935479998588562,0.10287400335073471,0.10287400335073471,1631166
2021-02-10,0.10299000144004822,0.10331699997186661,0.09529300034046173,0.10062699764966965,0.10062699764966965,499532
2021-02-11,0.10071299970149994,0.10923200100660324,0.0993489995598793,0.10676900297403336,0.10676900297403336,507195
2021-02-12,0.10881800204515457,0.1092899963259697,0.10199899971485138,0.10567700117826462,0.10567700117826462,334676
2021-02-13,0.10567300021648407,0.10784800350666046,0.10152500122785568,0.10749199986457825,0.10749199986457825,337452
2021-02-14,0.10750100016593933,0.11591900140047073,0.10720600187778473,0.11042899638414383,0.11042899638414383,494969
2021-02-15,0.11196699738502502,0.11229000240564346,0.09425300359725952,0.10402099788188934,0.10402099788188934,580661
2021-02-16,0.10366400331258774,0.12534500658512115,0.1032010018825531,0.12438400089740753,0.12438400089740753,1769967
2021-02-17,0.12448199838399887,0.1258309930562973,0.10859999805688858,0.11855500191450119,0.11855500191450119,867139
2021-02-18,0.11854899674654007,0.13151699304580688,0.11634700000286102,0.12806899845600128,0.12806899845600128,854388
2021-02-19,0.12807999551296234,0.13553300499916077,0.1247510015964508,0.13470900058746338,0.13470900058746338,703685
2021-02-20,0.13481099903583527,0.1662449985742569,0.1295199990272522,0.1550929993391037,0.1550929993391037,3024034
2021-02-21,0.15528100728988647,0.1737699955701828,0.1450120061635971,0.1577409952878952,0.1577409952878952,1671108
2021-02-22,0.15770399570465088,0.16520600020885468,0.12839099764823914,0.15737199783325195,0.15737199783325195,1822631
2021-02-23,0.15807299315929413,0.16000400483608246,0.1165509968996048,0.13710199296474457,0.13710199296474457,1794307
2021-02-24,0.1371150016784668,0.1490750014781952,0.13178500533103943,0.1360740065574646,0.1360740065574646,688135
2021-02-25,0.13587699830532074,0.1404149979352951,0.12316600233316422,0.12458500266075134,0.12458500266075134,87221
2021-02-26,0.12429500371217728,0.13139300048351288,0.11820600181818008,0.12498699873685837,0.12498699873685837,212576
2021-02-27,0.125232994556427,0.1310579925775528,0.12325900048017502,0.12716500461101532,0.12716500461101532,163492
2021-02-28,0.12717700004577637,0.1276639997959137,0.11236699670553207,0.11969099938869476,0.11969099938869476,402310
2021-03-01,0.11984200030565262,0.12571799755096436,0.11529699712991714,0.1250160038471222,0.1250160038471222,219046
2021-03-02,0.12442100048065186,0.13259300589561462,0.1206049993634224,0.12732699513435364,0.12732699513435364,842010
2021-03-03,0.12728799879550934,0.13169999420642853,0.1224529966711998,0.12905700504779816,0.12905700504779816,382367
2021-03-04,0.12910300493240356,0.1304350048303604,0.12147899717092514,0.1257690042257309,0.1257690042257309,298537
2021-03-05,0.12530599534511566,0.12793299555778503,0.11809200048446655,0.1250160038471222,0.1250160038471222,227960
2021-03-06,0.12495700269937515,0.12825800478458405,0.11908300220966339,0.1276630014181137,0.1276630014181137,258477
2021-03-07,0.12769299745559692,0.1398240029811859,0.12323799729347229,0.13797199726104736,0.13797199726104736,267258
2021-03-08,0.13809099793434143,0.1389639973640442,0.13134099543094635,0.13541999459266663,0.13541999459266663,295224
2021-03-09,0.13542799651622772,0.14818400144577026,0.13346600532531738,0.1461780071258545,0.1461780071258545,597334
2021-03-10,0.14669400453567505,0.1640090048313141,0.1424649953842163,0.16174399852752686,0.16174399852752686,776425
2021-03-11,0.16255499422550201,0.16255499422550201,0.14496800303459167,0.1557379961013794,0.1557379961013794,435405
2021-03-12,0.1557459980249405,0.17293000221252441,0.1524209976196289,0.17291900515556335,0.17291900515556335,1032618
2021-03-13,0.17304599285125732,0.21259699761867523,0.1691569983959198,0.20474399626255035,0.20474399626255035,3412427
2021-03-14,0.2036210000514984,0.22905899584293365,0.19819100201129913,0.21250000596046448,0.21250000596046448,2202520
2021-03-15,0.21297399699687958,0.2159689962863922,0.17950600385665894,0.19767600297927856,0.19767600297927856,1312552
2021-03-16,0.19778500497341156,0.20797300338745117,0.1874680072069168,0.20795999467372894,0.20795999467372894,867512
2021-03-17,0.2071319967508316,0.22047799825668335,0.19757099449634552,0.2188359946012497,0.2188359946012497,1012251
2021-03-18,0.218859001994133,0.22433100640773773,0.20997300744056702,0.22163499891757965,0.22163499891757965,892270
2021-03-19,0.2215840071439743,0.5019479990005493,0.22100600600242615,0.37671899795532227,0.37671899795532227,62823177
2021-03-20,0.3812530040740967,0.43607500195503235,0.34990400075912476,0.3586289882659912,0.3586289882659912,12418039
2021-03-21,0.36086800694465637,0.3932499885559082,0.3457840085029602,0.3818809986114502,0.3818809986114502,4926800
2021-03-22,0.3818970024585724,0.44004398584365845,0.34307798743247986,0.3570399880409241,0.3570399880409241,2875637
2021-03-23,0.3570669889450073,0.3639580011367798,0.32225900888442993,0.33064401149749756,0.33064401149749756,1696554
2021-03-24,0.3305090069770813,0.4394640028476715,0.3275020122528076,0.4117029905319214,0.4117029905319214,5546262
2021-03-25,0.4137420058250427,0.417477011680603,0.3632209897041321,0.3819110095500946,0.3819110095500946,4026214
2021-03-26,0.38291698694229126,0.41697901487350464,0.38156500458717346,0.41477900743484497,0.41477900743484497,3687046
2021-03-27,0.41465699672698975,0.42057499289512634,0.387268990278244,0.4121280014514923,0.4121280014514923,1464652
2021-03-28,0.4120999872684479,0.41408899426460266,0.3871789872646332,0.3928990066051483,0.3928990066051483,931730
2021-03-29,0.39496898651123047,0.39621400833129883,0.3712109923362732,0.39006999135017395,0.39006999135017395,1798474
2021-03-30,0.3901030123233795,0.39572200179100037,0.3784469962120056,0.3928839862346649,0.3928839862346649,1341370
2021-03-31,0.39283499121665955,0.4138520061969757,0.386913001537323,0.4035559892654419,0.4035559892654419,2390347
2021-04-01,0.404092013835907,0.43094998598098755,0.3898400068283081,0.4233750104904175,0.4233750104904175,3120752
2021-04-02,0.42399799823760986,0.43051400780677795,0.40092599391937256,0.4285919964313507,0.4285919964313507,1601584
2021-04-03,0.4299030005931854,0.45095500349998474,0.3994480073451996,0.4064520001411438,0.4064520001411438,2728781
2021-04-04,0.40460100769996643,0.42849498987197876,0.4002070128917694,0.4251300096511841,0.4251300096511841,1481018
2021-04-05,0.4261710047721863,0.6355699896812439,0.412759006023407,0.43273600935935974,0.43273600935935974,3995116
2021-04-06,0.4331279993057251,0.43664300441741943,0.38374900817871094,0.3883030116558075,0.3883030116558075,1560903
2021-04-07,0.3880389928817749,0.3938399851322174,0.31962600350379944,0.3344860076904297,0.3344860076904297,1429798
2021-04-08,0.3331789970397949,0.4166789948940277,0.3328329920768738,0.3934989869594574,0.3934989869594574,838201
2021-04-09,0.3935239911079407,0.5055230259895325,0.3934749960899353,0.43436700105667114,0.43436700105667114,2223042
2021-04-10,0.43443700671195984,0.45418500900268555,0.40378299355506897,0.41088899970054626,0.41088899970054626,1308080
2021-04-11,0.41101300716400146,0.414247989654541,0.39328500628471375,0.3997960090637207,0.3997960090637207,740246
2021-04-12,0.39927300810813904,0.4228070080280304,0.37307998538017273,0.37307998538017273,0.37307998538017273,1162078
2021-04-13,0.3713909983634949,0.4032990038394928,0.3713909983634949,0.378260999917984,0.378260999917984,1195271
2021-04-14,0.37849900126457214,0.3796209990978241,0.34458300471305847,0.3558109998703003,0.3558109998703003,1015118
2021-04-15,0.3561919927597046,0.7481909990310669,0.35164201259613037,0.4539310038089752,0.4539310038089752,3772732
2021-04-16,0.45383399724960327,0.5431230068206787,0.427717000246048,0.43101799488067627,0.43101799488067627,2582594
2021-04-17,0.4307810068130493,0.44813600182533264,0.41684800386428833,0.4368079900741577,0.4368079900741577,1442824
2021-04-18,0.4384779930114746,1.0011290311813354,0.3826110064983368,0.6784579753875732,0.6784579753875732,11140864
2021-04-19,0.6781330108642578,1.0667439699172974,0.6741799712181091,0.9753929972648621,0.9753929972648621,7200857
2021-04-20,0.9753909707069397,0.9881370067596436,0.7748249769210815,0.8063330054283142,0.8063330054283142,2536206
2021-04-21,0.8063380122184753,0.814175009727478,0.6309720277786255,0.6502490043640137,0.6502490043640137,1314777
2021-04-22,0.648809015750885,0.6766480207443237,0.5073829889297485,0.5122550129890442,0.5122550129890442,1750403
2021-04-23,0.5120139718055725,0.8213729858398438,0.42937400937080383,0.6998059749603271,0.6998059749603271,5317672
2021-04-24,0.69998699426651,0.7473729848861694,0.6329259872436523,0.6455879807472229,0.6455879807472229,1842649
2021-04-25,0.6455280184745789,0.7016689777374268,0.600587010383606,0.6123459935188293,0.6123459935188293,1039142
2021-04-26,0.6124709844589233,0.7033560276031494,0.6114829778671265,0.6745449900627136,0.6745449900627136,3936961
2021-04-27,0.6702380180358887,0.7089729905128479,0.6684830188751221,0.6823430061340332,0.6823430061340332,3385074
2021-04-28,0.6822320222854614,0.6948009729385376,0.6258900165557861,0.6409310102462769,0.6409310102462769,2427636
2021-04-29,0.6410830020904541,0.6981120109558105,0.6277400255203247,0.6742939949035645,0.6742939949035645,2850589
2021-04-30,0.6759849786758423,0.7052019834518433,0.6527919769287109,0.6662129759788513,0.6662129759788513,2501074
2021-05-01,0.6636409759521484,0.914355993270874,0.6631320118904114,0.7830320000648499,0.7830320000648499,9952272
2021-05-02,0.8124269843101501,1.0883350372314453,0.76350998878479,1.0400869846343994,1.0400869846343994,15729163
2021-05-03,1.0392049551010132,1.0592130422592163,0.8193280100822449,0.8868129849433899,0.8868129849433899,6445381
2021-05-04,0.8209949731826782,0.8763250112533569,0.7251629829406738,0.7282379865646362,0.7282379865646362,3809348
2021-05-05,0.7254469990730286,0.7988489866256714,0.6981390118598938,0.7370880246162415,0.7370880246162415,4434195
2021-05-06,0.7365239858627319,0.7365239858627319,0.6579509973526001,0.6762300133705139,0.6762300133705139,2694410
2021-05-07,0.6763430237770081,0.6891250014305115,0.633001983165741,0.6394680142402649,0.6394680142402649,2168118
2021-05-08,0.6389300227165222,0.695747971534729,0.6322749853134155,0.6523020267486572,0.6523020267486572,1549577
2021-05-09,0.6538609862327576,0.9107199907302856,0.6387559771537781,0.7623720169067383,0.7623720169067383,5557559
2021-05-10,0.7619879841804504,0.7813699841499329,0.6037390232086182,0.6167219877243042,0.6167219877243042,4128045
2021-05-11,0.616940975189209,0.8027099967002869,0.5921469926834106,0.671110987663269,0.671110987663269,7299002
2021-05-12,0.6746060252189636,0.6995599865913391,0.5785139799118042,0.5785139799118042,0.5785139799118042,3849433
2021-05-13,0.5810999870300293,0.5993080139160156,0.5548419952392578,0.573032021522522,0.573032021522522,1928695
2021-05-14,0.5741220116615295,0.6093339920043945,0.5719649791717529,0.5976499915122986,0.5976499915122986,1033058
2021-05-15,0.5974249839782715,0.665723979473114,0.5810279846191406,0.6254090070724487,0.6254090070724487,1803911
2021-05-16,0.6254050135612488,0.9077460169792175,0.6066020131111145,0.6559939980506897,0.6559939980506897,18520741
2021-05-17,0.6564180254936218,0.661270022392273,0.5655310153961182,0.6243249773979187,0.6243249773979187,2623538
2021-05-18,0.6213759779930115,0.6585500240325928,0.6189640164375305,0.6321099996566772,0.6321099996566772,1838447
2021-05-19,0.6322270035743713,0.6358529925346375,0.31918200850486755,0.4138909876346588,0.4138909876346588,2885365
2021-05-20,0.41530299186706543,0.5084620118141174,0.3594929873943329,0.4682770073413849,0.4682770073413849,3213725
2021-05-21,0.4684459865093231,0.5248259902000427,0.42804598808288574,0.4566830098628998,0.4566830098628998,1990512
2021-05-22,0.45376500487327576,0.4620260000228882,0.37369099259376526,0.4084149897098541,0.4084149897098541,1127033
2021-05-23,0.4086439907550812,0.423103004693985,0.26467400789260864,0.303864985704422,0.303864985704422,1359966
2021-05-24,0.30490800738334656,0.3757469952106476,0.27339500188827515,0.35379600524902344,0.35379600524902344,1392252
2021-05-25,0.3541080057621002,0.40626201033592224,0.3404960036277771,0.3974840044975281,0.3974840044975281,1133072
2021-05-26,0.39792799949645996,0.47176599502563477,0.37446001172065735,0.4502820074558258,0.4502820074558258,2039537
2021-05-27,0.4503119885921478,0.45358800888061523,0.3938699960708618,0.3953689932823181,0.3953689932823181,863263
2021-05-28,0.3947570025920868,0.3967280089855194,0.3372640013694763,0.35229599475860596,0.35229599475860596,756536
2021-05-29,0.3521760106086731,0.36722099781036377,0.33524900674819946,0.34268999099731445,0.34268999099731445,549977
2021-05-30,0.34284400939941406,0.48607999086380005,0.332599014043808,0.41738298535346985,0.41738298535346985,2653236
2021-05-31,0.4171989858150482,0.4825420081615448,0.3910360038280487,0.43381398916244507,0.43381398916244507,2428489
2021-06-01,0.4467320144176483,0.4493440091609955,0.39850398898124695,0.4173470139503479,0.4173470139503479,618787
2021-06-02,0.4174180030822754,0.42482998967170715,0.3922699987888336,0.4192509949207306,0.4192509949207306,471220
2021-06-03,0.4192349910736084,0.4358769953250885,0.4128910005092621,0.4212000072002411,0.4212000072002411,601868
2021-06-04,0.4213390052318573,0.4221329987049103,0.37099000811576843,0.3896070122718811,0.3896070122718811,569777
2021-06-05,0.3898490071296692,0.40330299735069275,0.35818201303482056,0.364641010761261,0.364641010761261,243180
2021-06-06,0.3644790053367615,0.3873539865016937,0.3633269965648651,0.3789690136909485,0.3789690136909485,231153
2021-06-07,0.37894898653030396,0.3888300061225891,0.3465319871902466,0.34810900688171387,0.34810900688171387,343238
2021-06-08,0.3480989933013916,0.35948100686073303,0.3107460141181946,0.33722901344299316,0.33722901344299316,604959
2021-06-09,0.3369179964065552,0.38143500685691833,0.3262479901313782,0.38105401396751404,0.38105401396751404,448776
2021-06-10,0.38131698966026306,0.38499799370765686,0.3644289970397949,0.37376299500465393,0.37376299500465393,268213
2021-06-11,0.3737660050392151,0.3876340091228485,0.34925100207328796,0.35448700189590454,0.35448700189590454,546175
2021-06-12,0.3554899990558624,0.3817630112171173,0.32076698541641235,0.35645198822021484,0.35645198822021484,922627
2021-06-13,0.3565320074558258,0.39129701256752014,0.3493820130825043,0.3817659914493561,0.3817659914493561,307911
2021-06-14,0.3818030059337616,0.3874579966068268,0.370294988155365,0.381303995847702,0.381303995847702,338519
2021-06-15,0.3750370144844055,0.37905699014663696,0.34945398569107056,0.3722259998321533,0.3722259998321533,252738
2021-06-16,0.3536919951438904,0.3619849979877472,0.33140599727630615,0.3328309953212738,0.3328309953212738,312588
2021-06-17,0.33285000920295715,0.359840989112854,0.32757899165153503,0.3320229947566986,0.3320229947566986,493128
2021-06-18,0.3320220112800598,0.3457320034503937,0.3112269937992096,0.3134070038795471,0.3134070038795471,334728
2021-06-19,0.31343600153923035,0.3257420063018799,0.3056829869747162,0.31068500876426697,0.31068500876426697,187419
2021-06-20,0.3102000057697296,0.31438198685646057,0.28397899866104126,0.3021549880504608,0.3021549880504608,248294
2021-06-21,0.30198800563812256,0.3027629852294922,0.231330007314682,0.2550399899482727,0.2550399899482727,1044550
2021-06-22,0.2536480128765106,0.25496000051498413,0.19116200506687164,0.2041269987821579,0.2041269987821579,426625
2021-06-23,0.2042510062456131,0.27737900614738464,0.20402200520038605,0.2654950022697449,0.2654950022697449,1013191
2021-06-24,0.26074299216270447,0.2951340079307556,0.2419320046901703,0.286998987197876,0.286998987197876,459212
2021-06-25,0.28717300295829773,0.3022319972515106,0.263949990272522,0.2643379867076874,0.2643379867076874,252444
2021-06-26,0.26425498723983765,0.2671000063419342,0.2385540008544922,0.2564220130443573,0.2564220130443573,134219
2021-06-27,0.2567490041255951,0.28899699449539185,0.2560270130634308,0.2879059910774231,0.2879059910774231,364968
2021-06-28,0.28800100088119507,0.28887999057769775,0.28049400448799133,0.28520700335502625,0.28520700335502625,112936
2021-06-29,0.28540000319480896,0.34769201278686523,0.28490298986434937,0.3122130036354065,0.3122130036354065,552145
2021-06-30,0.31215700507164,0.3151629865169525,0.2758690118789673,0.30048200488090515,0.30048200488090515,262353
2021-07-01,0.3005349934101105,0.34530699253082275,0.2960290014743805,0.3250510096549988,0.3250510096549988,454239
2021-07-02,0.32503899931907654,0.3465009927749634,0.30764201283454895,0.3282549977302551,0.3282549977302551,287740
2021-07-03,0.3282899856567383,0.3418560028076172,0.31841400265693665,0.33524900674819946,0.33524900674819946,145215
2021-07-04,0.33525699377059937,0.37000998854637146,0.33446699380874634,0.3655889928340912,0.3655889928340912,268364
2021-07-05,0.3655630052089691,0.37064099311828613,0.3519200086593628,0.3677229881286621,0.3677229881286621,379339
2021-07-06,0.36747199296951294,0.41783198714256287,0.3544740080833435,0.36338698863983154,0.36338698863983154,2072209
2021-07-07,0.36337101459503174,0.3636679947376251,0.3375439941883087,0.3375439941883087,0.3375439941883087,804432
2021-07-08,0.33773699402809143,0.33858200907707214,0.3020699918270111,0.3068990111351013,0.3068990111351013,659737
2021-07-09,0.3069089949131012,0.3130030035972595,0.2982200086116791,0.31098100543022156,0.31098100543022156,255524
2021-07-10,0.31078600883483887,0.31372201442718506,0.30399298667907715,0.3092209994792938,0.3092209994792938,161354
2021-07-11,0.30940601229667664,0.3151650130748749,0.3046259880065918,0.31190600991249084,0.31190600991249084,294861
2021-07-12,0.3119640052318573,0.3139539957046509,0.29973599314689636,0.3050520122051239,0.3050520122051239,418598
2021-07-13,0.3048020005226135,0.306425005197525,0.2879979908466339,0.29289600253105164,0.29289600253105164,311108
2021-07-14,0.29048699140548706,0.2939079999923706,0.2739369869232178,0.28645700216293335,0.28645700216293335,284845
2021-07-15,0.28652501106262207,0.3011600077152252,0.2696860134601593,0.2771509885787964,0.2771509885787964,394157
2021-07-16,0.2777099907398224,0.29081299901008606,0.2643260061740875,0.2647089958190918,0.2647089958190918,717233
2021-07-17,0.2646079957485199,0.29935699701309204,0.2607330083847046,0.2696880102157593,0.2696880102157593,826708
2021-07-18,0.26973700523376465,0.3008359968662262,0.2646470069885254,0.2723590135574341,0.2723590135574341,526408
2021-07-19,0.2721250057220459,0.2723200023174286,0.24533699452877045,0.2544040083885193,0.2544040083885193,415781
2021-07-20,0.2545489966869354,0.25692400336265564,0.21273399889469147,0.2287680059671402,0.2287680059671402,424982
2021-07-21,0.22861400246620178,0.2518340051174164,0.22371000051498413,0.25152701139450073,0.25152701139450073,231312
2021-07-22,0.25161200761795044,0.260670006275177,0.2502579987049103,0.25308600068092346,0.25308600068092346,133014
2021-07-23,0.253154993057251,0.26051101088523865,0.25132501125335693,0.2582310140132904,0.2582310140132904,190111
2021-07-24,0.25820499658584595,0.2778550088405609,0.25820499658584595,0.2721180021762848,0.2721180021762848,138007
2021-07-25,0.2719869911670685,0.2749989926815033,0.26152798533439636,0.26935699582099915,0.26935699582099915,168840
2021-07-26,0.2694079875946045,0.29433101415634155,0.2673560082912445,0.2756510078907013,0.2756510078907013,363552
2021-07-27,0.2753480076789856,0.27899500727653503,0.269879013299942,0.27899500727653503,0.27899500727653503,374442
2021-07-28,0.2791669964790344,0.28792300820350647,0.2752250134944916,0.2823669910430908,0.2823669910430908,285691
2021-07-29,0.28238001465797424,0.28314799070358276,0.2754180133342743,0.28069600462913513,0.28069600462913513,327387
2021-07-30,0.28089699149131775,0.2995460033416748,0.2762239873409271,0.29833701252937317,0.29833701252937317,471157
2021-07-31,0.2981660068035126,0.30125299096107483,0.2924639880657196,0.30039700865745544,0.30039700865745544,251181
2021-08-01,0.2999359965324402,0.3168430030345917,0.2985070049762726,0.3058600127696991,0.3058600127696991,394399
2021-08-02,0.3055190145969391,0.30899399518966675,0.29528599977493286,0.29918399453163147,0.29918399453163147,330937
2021-08-03,0.3000720143318176,0.3039860129356384,0.28857600688934326,0.2920509874820709,0.2920509874820709,450658
2021-08-04,0.2924399971961975,0.33487001061439514,0.29143500328063965,0.3292050063610077,0.3292050063610077,551743
2021-08-05,0.3291560113430023,0.3417080044746399,0.31739598512649536,0.3378539979457855,0.3378539979457855,824018
2021-08-06,0.3377780020236969,0.3671019971370697,0.3257940113544464,0.3433170020580292,0.3433170020580292,860446
2021-08-07,0.3409099876880646,0.3658370077610016,0.3394230008125305,0.36398300528526306,0.36398300528526306,678343
2021-08-08,0.36400699615478516,0.41326799988746643,0.3519909977912903,0.3553450107574463,0.3553450107574463,1649259
2021-08-09,0.3538300096988678,0.3921689987182617,0.34283000230789185,0.3812420070171356,0.3812420070171356,875768
2021-08-10,0.38113999366760254,0.3930659890174866,0.3674960136413574,0.37763500213623047,0.37763500213623047,802880
2021-08-11,0.3777180016040802,0.5109570026397705,0.37410199642181396,0.396575003862381,0.396575003862381,4430334
2021-08-12,0.39645901322364807,0.722694993019104,0.375885009765625,0.46435898542404175,0.46435898542404175,19572380
2021-08-13,0.4646500051021576,0.5047680139541626,0.44015100598335266,0.48420900106430054,0.48420900106430054,3959565
2021-08-14,0.4839400053024292,0.5511239767074585,0.46602699160575867,0.4780150055885315,0.4780150055885315,4395149
2021-08-15,0.47780901193618774,0.47960400581359863,0.4597319960594177,0.47044700384140015,0.47044700384140015,1202322
2021-08-16,0.47011598944664,0.4860000014305115,0.45794200897216797,0.46048301458358765,0.46048301458358765,1899276
2021-08-17,0.45969700813293457,0.4678489863872528,0.42879700660705566,0.42879700660705566,0.42879700660705566,963313
2021-08-18,0.4268290102481842,0.4541949927806854,0.4180369973182678,0.4413279891014099,0.4413279891014099,1455983
2021-08-19,0.43678298592567444,0.5515699982643127,0.4324969947338104,0.4923590123653412,0.4923590123653412,5102144
2021-08-20,0.4839029908180237,0.6495680212974548,0.48290500044822693,0.5456640124320984,0.5456640124320984,19816498
2021-08-21,0.5484510064125061,0.5565879940986633,0.519868016242981,0.5211160182952881,0.5211160182952881,2004403
2021-08-22,0.5209029912948608,0.5296729803085327,0.5166950225830078,0.5268840193748474,0.5268840193748474,1624492
2021-08-23,0.526462972164154,0.5294020175933838,0.5021359920501709,0.505761981010437,0.505761981010437,1392275
2021-08-24,0.504173994064331,0.5126450061798096,0.46985599398612976,0.4703800082206726,0.4703800082206726,1778806
2021-08-25,0.47006699442863464,0.48757898807525635,0.4636229872703552,0.4834569990634918,0.4834569990634918,955677
2021-08-26,0.4836679995059967,0.4874359965324402,0.4465939998626709,0.4541440010070801,0.4541440010070801,859810
2021-08-27,0.45389801263809204,0.46498799324035645,0.4452440142631531,0.46143200993537903,0.46143200993537903,800726
2021-08-28,0.4620949923992157,0.47109299898147583,0.4517599940299988,0.4524900019168854,0.4524900019168854,750937
2021-08-29,0.4530949890613556,1.1436690092086792,0.43865999579429626,1.009516954421997,1.009516954421997,140645642
2021-08-30,1.002627968788147,2.2914140224456787,0.9240990281105042,1.304906964302063,1.304906964302063,450330873
2021-08-31,1.3153799772262573,1.3153799772262573,0.8835020065307617,0.9049360156059265,0.9049360156059265,34465129
2021-09-01,0.9071930050849915,1.3386290073394775,0.8681120276451111,1.0061910152435303,1.0061910152435303,88501235
2021-09-02,1.0142040252685547,1.1515530347824097,0.9442330002784729,0.9534000158309937,0.9534000158309937,18335553
2021-09-03,0.9531880021095276,0.9576449990272522,0.8741589784622192,0.8905329704284668,0.8905329704284668,9653883
2021-09-04,0.8924760222434998,0.9526960253715515,0.8248140215873718,0.8331850171089172,0.8331850171089172,7863185
2021-09-05,0.8349840044975281,0.9681490063667297,0.747406005859375,0.8668249845504761,0.8668249845504761,17617355
2021-09-06,0.8672789931297302,0.8818820118904114,0.8057060241699219,0.8123810291290283,0.8123810291290283,6006561
2021-09-07,0.8120579719543457,0.8260350227355957,0.6673700213432312,0.7116460204124451,0.7116460204124451,10231631
2021-09-08,0.7113549709320068,0.8472899794578552,0.6831910014152527,0.7411379814147949,0.7411379814147949,22189292
2021-09-09,0.708109974861145,0.7373359799385071,0.7033900022506714,0.7057290077209473,0.7057290077209473,2978050
2021-09-10,0.7068459987640381,0.9421210289001465,0.701295018196106,0.7371010184288025,0.7371010184288025,34932748
2021-09-11,0.7325109839439392,0.8825730085372925,0.721405029296875,0.7604290246963501,0.7604290246963501,11622075
2021-09-12,0.7639719843864441,0.7886710166931152,0.7386959791183472,0.7502880096435547,0.7502880096435547,3077227
2021-09-13,0.7503229975700378,0.7619249820709229,0.6364579796791077,0.6585180163383484,0.6585180163383484,8302561
2021-09-14,0.6570510268211365,0.7641639709472656,0.6570510268211365,0.7201520204544067,0.7201520204544067,12811553
2021-09-15,0.7201619744300842,0.7444549798965454,0.7110220193862915,0.7321270108222961,0.7321270108222961,2445401
2021-09-16,0.7317950129508972,0.7776870131492615,0.7196140289306641,0.742247998714447,0.742247998714447,5756143
2021-09-17,0.7408739924430847,1.1722190380096436,0.7327550053596497,0.9300850033760071,0.9300850033760071,90959938
2021-09-18,0.9195730090141296,1.1740000247955322,0.9162089824676514,0.9653699994087219,0.9653699994087219,41283625
2021-09-19,0.9651219844818115,1.1162519454956055,0.9442620277404785,0.9731190204620361,0.9731190204620361,30286018
2021-09-20,0.9824450016021729,0.9824450016021729,0.7542459964752197,0.7658330202102661,0.7658330202102661,8477561
2021-09-21,0.7651569843292236,0.8151460289955139,0.6921449899673462,0.7044600248336792,0.7044600248336792,5612442
2021-09-22,0.704246997833252,0.7835779786109924,0.6985880136489868,0.7782670259475708,0.7782670259475708,3602683
2021-09-23,0.7782130241394043,0.7782130241394043,0.7457209825515747,0.7773000001907349,0.7773000001907349,3241896
2021-09-24,0.7751380205154419,0.9232010245323181,0.7499669790267944,0.8177160024642944,0.8177160024642944,22847732
2021-09-25,0.8263030052185059,0.8518840074539185,0.7655150294303894,0.774740993976593,0.774740993976593,5485252
2021-09-26,0.7747269868850708,0.8096699714660645,0.7269660234451294,0.7466679811477661,0.7466679811477661,4283266
2021-09-27,0.7465630173683167,0.7713329792022705,0.7114130258560181,0.715304970741272,0.715304970741272,2772946
2021-09-28,0.7200149893760681,0.7215330004692078,0.6390029788017273,0.6427860260009766,0.6427860260009766,3201686
2021-09-29,0.6431400179862976,0.6730489730834961,0.6246610283851624,0.6459479928016663,0.6459479928016663,1399275
2021-09-30,0.6543999910354614,0.6957160234451294,0.6450420022010803,0.6813790202140808,0.6813790202140808,2557552
2021-10-01,0.6814979910850525,0.7495909929275513,0.6658040285110474,0.7402809858322144,0.7402809858322144,2802973
2021-10-02,0.7425479888916016,0.7753069996833801,0.728488028049469,0.7437610030174255,0.7437610030174255,1916652
2021-10-03,0.7436320185661316,0.7560549974441528,0.7261369824409485,0.7358239889144897,0.7358239889144897,1416665
2021-10-04,0.7360230088233948,0.7396860122680664,0.6993259787559509,0.7217119932174683,0.7217119932174683,1542376
2021-10-05,0.7217749953269958,0.8116580247879028,0.6953979730606079,0.7455959916114807,0.7455959916114807,6817031
2021-10-06,0.7445570230484009,1.9550269842147827,0.6758589744567871,1.7811490297317505,1.7811490297317505,107769450
2021-10-07,1.7810790538787842,2.029758930206299,1.31522798538208,1.4690179824829102,1.4690179824829102,152385053
2021-10-08,1.4681869745254517,1.4777679443359375,1.1494179964065552,1.1998649835586548,1.1998649835586548,59508658
2021-10-09,1.2008140087127686,1.2008140087127686,1.1334569454193115,1.1573560237884521,1.1573560237884521,18161374
2021-10-10,1.155890941619873,1.1614320278167725,1.0497310161590576,1.050482988357544,1.050482988357544,9639025
2021-10-11,1.0513839721679688,1.794569969177246,1.045814037322998,1.420956015586853,1.420956015586853,145589036
2021-10-12,1.4075000286102295,1.672353982925415,1.3853939771652222,1.3995389938354492,1.3995389938354492,74498433
2021-10-13,1.399778962135315,1.5004750490188599,1.3194890022277832,1.3494579792022705,1.3494579792022705,38470701
2021-10-14,1.35390305519104,1.379971981048584,1.256324052810669,1.2602829933166504,1.2602829933166504,16995036
2021-10-15,1.2628870010375977,1.278892993927002,1.1272499561309814,1.1513090133666992,1.1513090133666992,21760750
2021-10-16,1.148144006729126,1.2659900188446045,1.1320229768753052,1.202620029449463,1.202620029449463,16942525
2021-10-17,1.2148679494857788,1.2276279926300049,1.1512620449066162,1.1619149446487427,1.1619149446487427,6326381
2021-10-18,1.1650819778442383,1.1840369701385498,1.124701976776123,1.1285669803619385,1.1285669803619385,5360181
2021-10-19,1.1275819540023804,1.1597059965133667,1.121016025543213,1.1421619653701782,1.1421619653701782,4288761
2021-10-20,1.1431009769439697,1.777353048324585,1.1377689838409424,1.2682479619979858,1.2682479619979858,124770521
2021-10-21,1.266469955444336,1.755355954170227,1.260066032409668,1.377560019493103,1.377560019493103,80551523
2021-10-22,1.3626559972763062,1.4680140018463135,1.3091100454330444,1.33719003200531,1.33719003200531,23076237
2021-10-23,1.3413519859313965,1.488677978515625,1.3015819787979126,1.3728159666061401,1.3728159666061401,22561049
2021-10-24,1.3754760026931763,1.4012409448623657,1.2800920009613037,1.3116099834442139,1.3116099834442139,10578050
2021-10-25,1.3113709688186646,1.4314539432525635,1.2862290143966675,1.3602089881896973,1.3602089881896973,9755818
2021-10-26,1.3638529777526855,1.3741869926452637,1.3082979917526245,1.3248200416564941,1.3248200416564941,9736381
2021-10-27,1.3268640041351318,1.347694993019104,1.1633520126342773,1.2223650217056274,1.2223650217056274,15653549
2021-10-28,1.21322500705719,1.2637159824371338,1.1876829862594604,1.237807035446167,1.237807035446167,7098354
2021-10-29,1.2377040386199951,1.2635259628295898,1.2111660242080688,1.2372570037841797,1.2372570037841797,5537398
2021-10-30,1.236029028892517,1.293012022972107,1.1818779706954956,1.185649037361145,1.185649037361145,6382592
2021-10-31,1.1903430223464966,1.2431930303573608,1.1603150367736816,1.2381949424743652,1.2381949424743652,7599216
2021-11-01,1.237771987915039,1.2424949407577515,1.1716790199279785,1.1854510307312012,1.1854510307312012,5340795
2021-11-02,1.1852689981460571,1.2358349561691284,1.1754000186920166,1.2086119651794434,1.2086119651794434,6092646
2021-11-03,1.2087550163269043,1.3556220531463623,1.1897560358047485,1.3071459531784058,1.3071459531784058,14355250
2021-11-04,1.305793046951294,1.305793046951294,1.2231910228729248,1.2397730350494385,1.2397730350494385,8908176
2021-11-05,1.2333450317382812,1.2379109859466553,1.192973017692566,1.2100260257720947,1.2100260257720947,4901136
2021-11-06,1.2098489999771118,1.2264859676361084,1.1851030588150024,1.2060439586639404,1.2060439586639404,3481135
2021-11-07,1.2059259414672852,1.2622170448303223,1.202576994895935,1.2362489700317383,1.2362489700317383,4175174
2021-11-08,1.2366750240325928,1.26295804977417,1.2178059816360474,1.2298569679260254,1.2298569679260254,6805967
2021-11-09,1.2304320335388184,1.2622109651565552,1.2173490524291992,1.2224229574203491,1.2224229574203491,9974412
2021-11-10,1.219702959060669,1.413864016532898,1.172126054763794,1.23220694065094,1.23220694065094,31706907
2021-11-11,1.2342959642410278,1.2771910429000854,1.1816649436950684,1.2068259716033936,1.2068259716033936,9775067
2021-11-12,1.210015058517456,1.2144949436187744,1.1570099592208862,1.1880160570144653,1.1880160570144653,6557200
2021-11-13,1.1871119737625122,1.1940360069274902,1.1649600267410278,1.181414008140564,1.181414008140564,2589536
2021-11-14,1.1817070245742798,1.1870230436325073,1.163985013961792,1.1733700037002563,1.1733700037002563,2750443
2021-11-15,1.1747790575027466,1.1994450092315674,1.156427025794983,1.1627260446548462,1.1627260446548462,3795585
2021-11-16,1.1603879928588867,1.2797319889068604,1.0705139636993408,1.0790189504623413,1.0790189504623413,6540720
2021-11-17,1.0774619579315186,1.1294349431991577,1.0273940563201904,1.0559380054473877,1.0559380054473877,5772607
2021-11-18,1.056339979171753,1.116278052330017,0.9822409749031067,0.9911090135574341,0.9911090135574341,5772270
2021-11-19,0.9904789924621582,1.0523439645767212,0.9698370099067688,1.0315849781036377,1.0315849781036377,3051972
2021-11-20,1.0309040546417236,1.0495580434799194,1.0027740001678467,1.0232429504394531,1.0232429504394531,2281128
2021-11-21,1.024014949798584,1.0630569458007812,1.0106220245361328,1.018623948097229,1.018623948097229,2531040
2021-11-22,1.0186699628829956,1.0377659797668457,0.9587759971618652,0.9824110269546509,0.9824110269546509,2859816
2021-11-23,0.9813860058784485,1.0197839736938477,0.953935980796814,1.0179450511932373,1.0179450511932373,2787427
2021-11-24,1.0178170204162598,1.0209490060806274,0.9461830258369446,0.9983369708061218,0.9983369708061218,2449110
2021-11-25,0.9497759938240051,1.092622995376587,0.9391030073165894,0.9605540037155151,0.9605540037155151,2932162
2021-11-26,1.0001369714736938,1.017799973487854,0.8878660202026367,0.8995580077171326,0.8995580077171326,3279365
2021-11-27,0.9000610113143921,0.9764930009841919,0.9000610113143921,0.9384670257568359,0.9384670257568359,2097114
2021-11-28,0.940015971660614,0.9400609731674194,0.8959389925003052,0.9205859899520874,0.9205859899520874,1812990
2021-11-29,0.9208469986915588,1.5272769927978516,0.9189980030059814,1.2991969585418701,1.2991969585418701,106467949
2021-11-30,1.297793984413147,1.5085699558258057,1.1809539794921875,1.2250200510025024,1.2250200510025024,89176500
2021-12-01,1.2207200527191162,1.229006052017212,1.1069530248641968,1.1134580373764038,1.1134580373764038,19243768
2021-12-02,1.1144599914550781,1.1248010396957397,1.0293949842453003,1.0344430208206177,1.0344430208206177,11334845
2021-12-03,1.0346369743347168,1.0787839889526367,0.9703599810600281,0.9846159815788269,0.9846159815788269,7051708
2021-12-04,0.9843959808349609,0.997081995010376,0.7863270044326782,0.897026002407074,0.897026002407074,6707177
2021-12-05,0.897612988948822,1.2523789405822754,0.8919910192489624,1.1707680225372314,1.1707680225372314,52005738
2021-12-06,1.1732889413833618,1.1873600482940674,0.9325159788131714,1.0576770305633545,1.0576770305633545,34960190
2021-12-07,1.0532859563827515,1.0837069749832153,0.9836810231208801,0.9932960271835327,0.9932960271835327,10061702
2021-12-08,0.992900013923645,1.0415799617767334,0.9694790244102478,0.9749410152435303,0.9749410152435303,4865188
2021-12-09,0.9786919951438904,0.9862059950828552,0.9064210057258606,0.9205719828605652,0.9205719828605652,3927414
2021-12-10,0.9198769927024841,0.9423580169677734,0.864982008934021,0.8666200041770935,0.8666200041770935,3612992
2021-12-11,0.8663309812545776,0.9233030080795288,0.8562790155410767,0.8915939927101135,0.8915939927101135,2112063
2021-12-12,0.8933979868888855,0.9312139749526978,0.8837080001831055,0.9183089733123779,0.9183089733123779,1701041
2021-12-13,0.9183970093727112,0.9266480207443237,0.8117690086364746,0.8228340148925781,0.8228340148925781,2636401
2021-12-14,0.8230040073394775,0.8323460221290588,0.8042880296707153,0.8112409710884094,0.8112409710884094,1566081
2021-12-15,0.8208699822425842,0.8493559956550598,0.791217029094696,0.8275700211524963,0.8275700211524963,2144429
2021-12-16,0.8276060223579407,1.0060019493103027,0.8273320198059082,0.8870559930801392,0.8870559930801392,15497340
2021-12-17,0.8870819807052612,1.2083189487457275,0.8868029713630676,1.0030529499053955,1.0030529499053955,46475552
2021-12-18,0.9962509870529175,1.0253969430923462,0.9211480021476746,0.9432060122489929,0.9432060122489929,9805960
2021-12-19,0.9376019835472107,0.9509890079498291,0.9153159856796265,0.9167580008506775,0.9167580008506775,3557671
2021-12-20,0.9173319935798645,0.9175199866294861,0.8527309894561768,0.8856239914894104,0.8856239914894104,2243792
2021-12-21,0.887615978717804,1.031622052192688,0.883421003818512,0.9604629874229431,0.9604629874229431,17584511
2021-12-22,0.9552649855613708,0.9563990235328674,0.9289799928665161,0.9435300230979919,0.9435300230979919,2768173
2021-12-23,0.9437429904937744,0.9519550204277039,0.9112160205841064,0.944379985332489,0.944379985332489,2972995
2021-12-24,0.9455080032348633,0.9475769996643066,0.9245910048484802,0.9289370179176331,0.9289370179176331,2712844
2021-12-25,0.93122398853302,0.9495700001716614,0.9249699711799622,0.9435070157051086,0.9435070157051086,1203554
2021-12-26,0.9430860280990601,0.9539729952812195,0.9283009767532349,0.9400119781494141,0.9400119781494141,1945542
2021-12-27,0.9398390054702759,1.0250029563903809,0.9394659996032715,0.9626680016517639,0.9626680016517639,7274027
2021-12-28,0.9661480188369751,0.9704390168190002,0.9001209735870361,0.9006010293960571,0.9006010293960571,2557825
2021-12-29,0.8996359705924988,0.9542829990386963,0.8967940211296082,0.9123979806900024,0.9123979806900024,4537589
2021-12-30,0.9119229912757874,0.9268980026245117,0.8883799910545349,0.9082900285720825,0.9082900285720825,2893941
2021-12-31,0.9081199765205383,0.9201679825782776,0.8607519865036011,0.8756790161132812,0.8756790161132812,1587098
2022-01-01,0.8761150240898132,0.9110190272331238,0.871720016002655,0.9070919752120972,0.9070919752120972,1072630
2022-01-02,0.9083279967308044,0.9169589877128601,0.8980079889297485,0.9138240218162537,0.9138240218162537,1631906
2022-01-03,0.9184049963951111,0.9184169769287109,0.8804370164871216,0.8891090154647827,0.8891090154647827,2013689
2022-01-04,0.8886039853096008,0.9094269871711731,0.8795819878578186,0.8858680129051208,0.8858680129051208,2171770
2022-01-05,0.8849959969520569,0.889955997467041,0.8271170258522034,0.8340820074081421,0.8340820074081421,1619616
2022-01-06,0.834227979183197,0.8345760107040405,0.7980110049247742,0.8113560080528259,0.8113560080528259,1278430
2022-01-07,0.8111600279808044,0.8680049777030945,0.7901350259780884,0.7980660200119019,0.7980660200119019,4996765
2022-01-08,0.7981060147285461,0.8043839931488037,0.7635869979858398,0.7741619944572449,0.7741619944572449,2199074
2022-01-09,0.7743260264396667,0.7919570207595825,0.7667019963264465,0.7789599895477295,0.7789599895477295,1039418
2022-01-10,0.7788770198822021,0.7794809937477112,0.7127609848976135,0.7209839820861816,0.7209839820861816,1631716
2022-01-11,0.7207019925117493,0.735230028629303,0.7118359804153442,0.7240219712257385,0.7240219712257385,2253324
2022-01-12,0.7248309850692749,0.7580900192260742,0.7212929725646973,0.7559559941291809,0.7559559941291809,1028728
2022-01-13,0.7563940286636353,0.8581079840660095,0.7474169731140137,0.7782120108604431,0.7782120108604431,7446966
2022-01-14,0.7788389921188354,0.7823910117149353,0.7533619999885559,0.7643129825592041,0.7643129825592041,3329052
2022-01-15,0.7645840048789978,0.7654619812965393,0.7501360177993774,0.7531480193138123,0.7531480193138123,955871
2022-01-16,0.7533019781112671,0.7726140022277832,0.7513729929924011,0.7643399834632874,0.7643399834632874,622900
2022-01-17,0.7648130059242249,0.76671302318573,0.7214660048484802,0.7241939902305603,0.7241939902305603,828822
2022-01-18,0.7254700064659119,0.7371399998664856,0.7147240042686462,0.7215020060539246,0.7215020060539246,923570
2022-01-19,0.7223250269889832,0.7327650189399719,0.7031109929084778,0.7061600089073181,0.7061600089073181,928404
2022-01-20,0.7076910138130188,0.7319639921188354,0.6984009742736816,0.7001969814300537,0.7001969814300537,2845524
2022-01-21,0.7007740139961243,0.7007740139961243,0.6063370108604431,0.6119300127029419,0.6119300127029419,3382069
2022-01-22,0.6122649908065796,0.6152470111846924,0.5186060070991516,0.5345420241355896,0.5345420241355896,3632291
2022-01-23,0.5349839925765991,0.5620530247688293,0.5349069833755493,0.5474140048027039,0.5474140048027039,2380698
2022-01-24,0.5475770235061646,0.5502610206604004,0.4700610041618347,0.5127909779548645,0.5127909779548645,3079685
2022-01-25,0.5137090086936951,0.755620002746582,0.504459023475647,0.5938209891319275,0.5938209891319275,42633429
2022-01-26,0.5936110019683838,0.757411003112793,0.565667986869812,0.6191570162773132,0.6191570162773132,33558111
2022-01-27,0.6171910166740417,0.677681028842926,0.6033809781074524,0.6085360050201416,0.6085360050201416,12121066
2022-01-28,0.6054689884185791,0.6429430246353149,0.5964059829711914,0.6159160137176514,0.6159160137176514,5928420
2022-01-29,0.6159440279006958,0.628711998462677,0.6107069849967957,0.6139929890632629,0.6139929890632629,3121948
2022-01-30,0.614192008972168,0.6196069717407227,0.5918009877204895,0.603905975818634,0.603905975818634,2818561
2022-01-31,0.6044009923934937,0.6091740131378174,0.5824490189552307,0.6054909825325012,0.6054909825325012,2715292
2022-02-01,0.6053609848022461,0.6076610088348389,0.5921800136566162,0.6007260084152222,0.6007260084152222,2648160
2022-02-02,0.6007599830627441,0.6457539796829224,0.5699440240859985,0.5766569972038269,0.5766569972038269,5716458
2022-02-03,0.5766199827194214,0.5789420008659363,0.5493199825286865,0.5579370260238647,0.5579370260238647,2851604
2022-02-04,0.5577309727668762,0.6026120185852051,0.5535889863967896,0.6026120185852051,0.6026120185852051,4111295
2022-02-05,0.6027849912643433,0.680741012096405,0.5979269742965698,0.6248829960823059,0.6248829960823059,8956669
2022-02-06,0.6246039867401123,0.64410799741745,0.6171339750289917,0.6267960071563721,0.6267960071563721,3836436
2022-02-07,0.626442015171051,0.6498249769210815,0.6226289868354797,0.6428920030593872,0.6428920030593872,3796025
2022-02-08,0.642782986164093,0.6503229737281799,0.6147419810295105,0.6264520287513733,0.6264520287513733,3733046
2022-02-09,0.6262000203132629,0.6512320041656494,0.6143419742584229,0.6408360004425049,0.6408360004425049,2927509
2022-02-10,0.6408900022506714,0.6743829846382141,0.6242520213127136,0.629131019115448,0.629131019115448,4103556
2022-02-11,0.6291030049324036,0.6428670287132263,0.5982810258865356,0.6149349808692932,0.6149349808692932,3754710
2022-02-12,0.6157699823379517,0.626196026802063,0.5903350114822388,0.6045680046081543,0.6045680046081543,2597403
2022-02-13,0.6045179963111877,0.6401919722557068,0.5981529951095581,0.609063982963562,0.609063982963562,5752835
2022-02-14,0.6119400262832642,0.6121559739112854,0.5819770097732544,0.6008909940719604,0.6008909940719604,2876364
2022-02-15,0.6006690263748169,0.6343749761581421,0.5933169722557068,0.6295650005340576,0.6295650005340576,2755200
2022-02-16,0.6294609904289246,0.6332449913024902,0.6117420196533203,0.616025984287262,0.616025984287262,2538327
2022-02-17,0.6157479882240295,0.6911309957504272,0.5733850002288818,0.5738409757614136,0.5738409757614136,10294926
2022-02-18,0.5772089958190918,0.587444007396698,0.5587610006332397,0.5632809996604919,0.5632809996604919,2816460
2022-02-19,0.5632969737052917,0.6071270108222961,0.5605630278587341,0.5689780116081238,0.5689780116081238,4046658
2022-02-20,0.5689830183982849,0.5764719843864441,0.5311449766159058,0.5425800085067749,0.5425800085067749,1989939
2022-02-21,0.5427060127258301,0.5556640028953552,0.509850025177002,0.5102729797363281,0.5102729797363281,2368250
2022-02-22,0.5100520253181458,0.5204409956932068,0.48882898688316345,0.517989993095398,0.517989993095398,2204790
2022-02-23,0.5174189805984497,0.5459759831428528,0.5074740052223206,0.5207769870758057,0.5207769870758057,2362564
2022-02-24,0.5200999975204468,0.5200999975204468,0.4570449888706207,0.4956989884376526,0.4956989884376526,3101694
2022-02-25,0.49519699811935425,0.5348160266876221,0.49471598863601685,0.5315380096435547,0.5315380096435547,2609170
2022-02-26,0.531548023223877,0.5412459969520569,0.5239289999008179,0.5254740118980408,0.5254740118980408,2096022
2022-02-27,0.5234230160713196,0.5293859839439392,0.4952160120010376,0.499875009059906,0.499875009059906,2106677
2022-02-28,0.49981099367141724,0.5616080164909363,0.4983479976654053,0.552532970905304,0.552532970905304,3077726
2022-03-01,0.5560420155525208,0.5752459764480591,0.5390560030937195,0.5526999831199646,0.5526999831199646,3393144
2022-03-02,0.5528740286827087,0.5762519836425781,0.5416979789733887,0.5498639941215515,0.5498639941215515,3020455
2022-03-03,0.5499579906463623,0.5499579906463623,0.5202950239181519,0.5226690173149109,0.5226690173149109,2244003
2022-03-04,0.5216019749641418,0.5228719711303711,0.49386700987815857,0.49650099873542786,0.49650099873542786,2492861
2022-03-05,0.49675899744033813,0.5116530060768127,0.4907490015029907,0.5081210136413574,0.5081210136413574,1738874
2022-03-06,0.5085769891738892,0.5181040167808533,0.48281699419021606,0.484264999628067,0.484264999628067,2128127
2022-03-07,0.4842279851436615,0.49476900696754456,0.4688760042190552,0.4688760042190552,0.4688760042190552,1952351
2022-03-08,0.4688290059566498,0.5138639807701111,0.46858400106430054,0.4900430142879486,0.4900430142879486,2415398
2022-03-09,0.4899980127811432,0.5389599800109863,0.48256099224090576,0.5069950222969055,0.5069950222969055,3504575
2022-03-10,0.5068280100822449,0.507161021232605,0.4702500104904175,0.48313701152801514,0.48313701152801514,2114750
2022-03-11,0.4832119941711426,0.48514899611473083,0.4656519889831543,0.46651899814605713,0.46651899814605713,1599090
2022-03-12,0.46652498841285706,0.4772830009460449,0.46546199917793274,0.4712870121002197,0.4712870121002197,1335326
2022-03-13,0.47119998931884766,0.5220270156860352,0.4693880081176758,0.4768500030040741,0.4768500030040741,3389512
2022-03-14,0.47662198543548584,0.4890500009059906,0.4710870087146759,0.47816699743270874,0.47816699743270874,2575853
2022-03-15,0.4780699908733368,0.5004249811172485,0.47193101048469543,0.4834290146827698,0.4834290146827698,3274911
2022-03-16,0.4832809865474701,0.5088719725608826,0.47986099123954773,0.4911560118198395,0.4911560118198395,2633896
2022-03-17,0.49113500118255615,0.49858298897743225,0.48809799551963806,0.49441900849342346,0.49441900849342346,1957828
2022-03-18,0.49433401226997375,0.5431749820709229,0.48871999979019165,0.5077530145645142,0.5077530145645142,4913451
2022-03-19,0.5077360272407532,0.5330089926719666,0.504036009311676,0.5297790169715881,0.5297790169715881,2698119
2022-03-20,0.5325170159339905,0.5337089896202087,0.5103449821472168,0.5111789703369141,0.5111789703369141,2371263
2022-03-21,0.5111259818077087,0.6044129729270935,0.5076879858970642,0.5278059840202332,0.5278059840202332,8841929
2022-03-22,0.5273290276527405,0.5582209825515747,0.5236790180206299,0.5331119894981384,0.5331119894981384,3787187
2022-03-23,0.5331479907035828,0.5709440112113953,0.5257790088653564,0.5583900213241577,0.5583900213241577,5366962
2022-03-24,0.558322012424469,0.5596939921379089,0.5390329957008362,0.5494509935379028,0.5494509935379028,2858633
2022-03-25,0.5494599938392639,0.7921410202980042,0.5468559861183167,0.6984909772872925,0.6984909772872925,50557265
2022-03-26,0.7025550007820129,0.8394269943237305,0.6507660150527954,0.6558330059051514,0.6558330059051514,38811445
2022-03-27,0.6557090282440186,0.6557090282440186,0.6073430180549622,0.6326879858970642,0.6326879858970642,10691541
2022-03-28,0.632781982421875,0.6450679898262024,0.608892023563385,0.6100530028343201,0.6100530028343201,8039229
2022-03-29,0.609449028968811,0.616237998008728,0.590707004070282,0.5971279740333557,0.5971279740333557,4202254
2022-03-30,0.597087025642395,0.621662974357605,0.5899580121040344,0.6064670085906982,0.6064670085906982,4142640
2022-03-31,0.6065459847450256,0.6130890250205994,0.5744550228118896,0.581180989742279,0.581180989742279,3957887
2022-04-01,0.5810949802398682,0.6068900227546692,0.5743240118026733,0.5875959992408752,0.5875959992408752,3138911
2022-04-02,0.5876139998435974,0.5980560183525085,0.5816050171852112,0.588051974773407,0.588051974773407,2965900
2022-04-03,0.5880320072174072,0.6115649938583374,0.5838090181350708,0.599602997303009,0.599602997303009,3233083
2022-04-04,0.599407970905304,0.6471440196037292,0.5937979817390442,0.6058899760246277,0.6058899760246277,6460931
2022-04-05,0.6059849858283997,0.6159769892692566,0.591618001461029,0.591618001461029,0.591618001461029,2722788
2022-04-06,0.5911359786987305,0.5917760133743286,0.5469130277633667,0.5470330119132996,0.5470330119132996,3091859
2022-04-07,0.546688973903656,0.559050977230072,0.5420609712600708,0.5556859970092773,0.5556859970092773,2104020
2022-04-08,0.5576779842376709,0.564661979675293,0.5491600036621094,0.5497260093688965,0.5497260093688965,2281717
2022-04-09,0.5495790243148804,0.5521569848060608,0.5430009961128235,0.5481020212173462,0.5481020212173462,1905820
2022-04-10,0.5481719970703125,0.5630109906196594,0.5451570153236389,0.5489969849586487,0.5489969849586487,2338813
2022-04-11,0.5489799976348877,0.549776017665863,0.5022029876708984,0.5048019886016846,0.5048019886016846,2740626
2022-04-12,0.5049570202827454,0.5139660239219666,0.5019559860229492,0.5059750080108643,0.5059750080108643,1991702
2022-04-13,0.5053369998931885,0.5561259984970093,0.504859983921051,0.531781017780304,0.531781017780304,3435203
2022-04-14,0.5316089987754822,0.5378270149230957,0.508279025554657,0.5103849768638611,0.5103849768638611,1767423
2022-04-15,0.5105630159378052,0.5251410007476807,0.5092589855194092,0.5220639705657959,0.5220639705657959,2374390
2022-04-16,0.5222790241241455,0.5323179960250854,0.5181300044059753,0.5245710015296936,0.5245710015296936,2112190
2022-04-17,0.5246800184249878,0.5291330218315125,0.5209720134735107,0.5212129950523376,0.5212129950523376,1947284
2022-04-18,0.5215330123901367,0.5215330123901367,0.4945800006389618,0.5117059946060181,0.5117059946060181,2424370
2022-04-19,0.5117200016975403,0.5300899744033813,0.5115219950675964,0.5210760235786438,0.5210760235786438,2020227
2022-04-20,0.5210719704627991,0.5256720185279846,0.5153549909591675,0.5162000060081482,0.5162000060081482,1945080
2022-04-21,0.516090989112854,0.5303660035133362,0.5098749995231628,0.5104060173034668,0.5104060173034668,2514505
2022-04-22,0.510221004486084,0.5102260112762451,0.5014129877090454,0.5025489926338196,0.5025489926338196,1840697
2022-04-23,0.5028889775276184,0.5040349960327148,0.4985150098800659,0.4986889958381653,0.4986889958381653,1684955
2022-04-24,0.49857500195503235,0.5244070291519165,0.4900760054588318,0.49175500869750977,0.49175500869750977,4587002
2022-04-25,0.49172601103782654,0.49995100498199463,0.4715130031108856,0.48829901218414307,0.48829901218414307,3103272
2022-04-26,0.48819199204444885,0.5044059753417969,0.46238699555397034,0.462787002325058,0.462787002325058,2186652
2022-04-27,0.4627380073070526,0.46823498606681824,0.4575839936733246,0.46403899788856506,0.46403899788856506,2132787
2022-04-28,0.46419599652290344,0.47832098603248596,0.4569540023803711,0.46167200803756714,0.46167200803756714,1814334
2022-04-29,0.4615490138530731,0.4683299958705902,0.45059001445770264,0.4511600136756897,0.4511600136756897,1643612
2022-04-30,0.45100900530815125,0.463703989982605,0.4465630054473877,0.45048099756240845,0.45048099756240845,2255505
2022-05-01,0.45062100887298584,0.4779669940471649,0.44060298800468445,0.45889198780059814,0.45889198780059814,3291939
2022-05-02,0.459522008895874,0.47093600034713745,0.4424639940261841,0.4557960033416748,0.4557960033416748,2105775
2022-05-03,0.45549800992012024,0.4705069959163666,0.4474030137062073,0.45119601488113403,0.45119601488113403,2095494
2022-05-04,0.45102301239967346,0.4720250070095062,0.44724100828170776,0.4678570032119751,0.4678570032119751,2931241
2022-05-05,0.467633992433548,0.47359898686408997,0.4283429980278015,0.431784987449646,0.431784987449646,2174822
2022-05-06,0.4316819906234741,0.43222901225090027,0.4075680077075958,0.41428399085998535,0.41428399085998535,1988277
2022-05-07,0.41418299078941345,0.41418299078941345,0.399183988571167,0.40052300691604614,0.40052300691604614,1362819
2022-05-08,0.400846004486084,0.4051690101623535,0.3707999885082245,0.3718549907207489,0.3718549907207489,4625102
2022-05-09,0.37144601345062256,0.3775100111961365,0.31076401472091675,0.31076401472091675,0.31076401472091675,1959944
2022-05-10,0.310481995344162,0.36232900619506836,0.30838701128959656,0.32651498913764954,0.32651498913764954,3950979
2022-05-11,0.3266269862651825,0.33589500188827515,0.2432830035686493,0.2559109926223755,0.2559109926223755,2114316
2022-05-12,0.256397008895874,0.2702449858188629,0.2080720067024231,0.21590499579906464,0.21590499579906464,1531954
2022-05-13,0.2156590074300766,0.2974900007247925,0.21500200033187866,0.23831500113010406,0.23831500113010406,1964561
2022-05-14,0.23838399350643158,0.26330500841140747,0.23117700219154358,0.2436089962720871,0.2436089962720871,868431
2022-05-15,0.24417999386787415,0.2676739990711212,0.2429949939250946,0.2557930052280426,0.2557930052280426,963986
2022-05-16,0.2558099925518036,0.2595770061016083,0.24316300451755524,0.245960995554924,0.245960995554924,1203126
2022-05-17,0.2460470050573349,0.2602890133857727,0.24602100253105164,0.25773900747299194,0.25773900747299194,834032
2022-05-18,0.2577730119228363,0.27552199363708496,0.252577006816864,0.25891000032424927,0.25891000032424927,2656448
2022-05-19,0.258884996175766,0.3023900091648102,0.25603100657463074,0.2810809910297394,0.2810809910297394,3889168
2022-05-20,0.2809230089187622,0.282925009727478,0.26689499616622925,0.26929399371147156,0.26929399371147156,2053506
2022-05-21,0.2694360017776489,0.27212899923324585,0.2664810121059418,0.26892799139022827,0.26892799139022827,451134
2022-05-22,0.2690120041370392,0.2737930119037628,0.266169011592865,0.2727850079536438,0.2727850079536438,286870
2022-05-23,0.27250200510025024,0.27650201320648193,0.2666420042514801,0.2672249972820282,0.2672249972820282,528929
2022-05-24,0.26738300919532776,0.2680949866771698,0.2569369971752167,0.263359010219574,0.263359010219574,466449
2022-05-25,0.2633120119571686,0.26742300391197205,0.26023000478744507,0.2631550133228302,0.2631550133228302,489787
2022-05-26,0.2632029950618744,0.26733899116516113,0.23605699837207794,0.240339994430542,0.240339994430542,1660108
2022-05-27,0.23985199630260468,0.2512440085411072,0.23915700614452362,0.24275000393390656,0.24275000393390656,1584799
2022-05-28,0.24605999886989594,0.24683800339698792,0.24244199693202972,0.24486100673675537,0.24486100673675537,244267
2022-05-29,0.2447959929704666,0.24973300099372864,0.24216100573539734,0.24778799712657928,0.24778799712657928,470939
2022-05-30,0.24779899418354034,0.27351298928260803,0.2471569925546646,0.27351298928260803,0.27351298928260803,1134909
2022-05-31,0.2735849916934967,0.31517401337623596,0.27119800448417664,0.28899699449539185,0.28899699449539185,3825056
2022-06-01,0.2889859974384308,0.28930601477622986,0.2601189911365509,0.2615309953689575,0.2615309953689575,1126706
2022-06-02,0.26142799854278564,0.26218000054359436,0.25762900710105896,0.2608160078525543,0.2608160078525543,283436
2022-06-03,0.2609120011329651,0.2665340006351471,0.2534570097923279,0.2576099932193756,0.2576099932193756,1128345
2022-06-04,0.25753098726272583,0.26263099908828735,0.25301700830459595,0.25679799914360046,0.25679799914360046,506887
2022-06-05,0.2566330134868622,0.2578980028629303,0.25260499119758606,0.2569969892501831,0.2569969892501831,204222
2022-06-06,0.2569099962711334,0.27583301067352295,0.25639599561691284,0.2678450047969818,0.2678450047969818,454657
2022-06-07,0.267769992351532,0.2697699964046478,0.2525379955768585,0.2644580006599426,0.2644580006599426,987894
2022-06-08,0.26442500948905945,0.2651990056037903,0.2557939887046814,0.2564849853515625,0.2564849853515625,654269
2022-06-09,0.2562029957771301,0.2592250108718872,0.25487300753593445,0.25565099716186523,0.25565099716186523,405579
2022-06-10,0.2556149959564209,0.2556309998035431,0.24509599804878235,0.24522599577903748,0.24522599577903748,678512
2022-06-11,0.24517300724983215,0.24670499563217163,0.22858799993991852,0.2288299947977066,0.2288299947977066,923440
2022-06-12,0.22880500555038452,0.22898900508880615,0.2085620015859604,0.20884700119495392,0.20884700119495392,781921
2022-06-13,0.2097730040550232,0.2097730040550232,0.16813300549983978,0.16981899738311768,0.16981899738311768,1096775
2022-06-14,0.16977199912071228,0.17353299260139465,0.1553339958190918,0.17054499685764313,0.17054499685764313,1290875
2022-06-15,0.1705629974603653,0.17577600479125977,0.14337900280952454,0.1745709925889969,0.1745709925889969,1540230
2022-06-16,0.17513200640678406,0.17666499316692352,0.1542779952287674,0.15600499510765076,0.15600499510765076,1090076
2022-06-17,0.156140998005867,0.16171899437904358,0.1552859991788864,0.15855799615383148,0.15855799615383148,795461
2022-06-18,0.1587979942560196,0.16553999483585358,0.14626500010490417,0.1501609981060028,0.1501609981060028,1620943
2022-06-19,0.15058599412441254,0.16833999752998352,0.14489200711250305,0.1634809970855713,0.1634809970855713,994582
2022-06-20,0.1634020060300827,0.16907599568367004,0.15501099824905396,0.16812799870967865,0.16812799870967865,888124
2022-06-21,0.16778700053691864,0.17391900718212128,0.16682499647140503,0.16762499511241913,0.16762499511241913,545668
2022-06-22,0.1676650047302246,0.1722089946269989,0.16324399411678314,0.16596700251102448,0.16596700251102448,1064342
2022-06-23,0.16592399775981903,0.19144099950790405,0.1654919981956482,0.19084200263023376,0.19084200263023376,3656222
2022-06-24,0.19083699584007263,0.2122189998626709,0.18796199560165405,0.19088299572467804,0.19088299572467804,6855528
2022-06-25,0.19084499776363373,0.36405500769615173,0.19008399546146393,0.3011710047721863,0.3011710047721863,44951562
2022-06-26,0.3018690049648285,0.3018690049648285,0.2465369999408722,0.24683800339698792,0.24683800339698792,6683150
2022-06-27,0.24810899794101715,0.24810899794101715,0.2165209949016571,0.22060200572013855,0.22060200572013855,3002968
2022-06-28,0.22123099863529205,0.22123099863529205,0.20694600045681,0.2123750001192093,0.2123750001192093,1650021
2022-06-29,0.21242299675941467,0.28760799765586853,0.2090349942445755,0.22333799302577972,0.22333799302577972,11178743
2022-06-30,0.22290000319480896,0.22381499409675598,0.20205600559711456,0.2096019983291626,0.2096019983291626,1778129
2022-07-01,0.2100290060043335,0.216172993183136,0.19787199795246124,0.19837500154972076,0.19837500154972076,1318377
2022-07-02,0.1985349953174591,0.19963900744915009,0.19147400557994843,0.1980839967727661,0.1980839967727661,926989
2022-07-03,0.19813799858093262,0.2330559939146042,0.19452600181102753,0.22149699926376343,0.22149699926376343,4146173
2022-07-04,0.22135600447654724,0.22135600447654724,0.20384900271892548,0.21103599667549133,0.21103599667549133,2375723
2022-07-05,0.21055099368095398,0.2991270124912262,0.2104939967393875,0.23072999715805054,0.23072999715805054,13328364
2022-07-06,0.23147200047969818,0.3188999891281128,0.23147200047969818,0.27164599299430847,0.27164599299430847,23472779
2022-07-07,0.2714579999446869,0.278999000787735,0.24620400369167328,0.2504050135612488,0.2504050135612488,5485926
2022-07-08,0.2499459981918335,0.255977988243103,0.24308399856090546,0.24912899732589722,0.24912899732589722,2170805
2022-07-09,0.24890300631523132,0.2514899969100952,0.24524100124835968,0.24884499609470367,0.24884499609470367,1734716
2022-07-10,0.24862399697303772,0.2491759955883026,0.23881299793720245,0.24194400012493134,0.24194400012493134,1184978
2022-07-11,0.24205400049686432,0.24225600063800812,0.22539100050926208,0.22550199925899506,0.22550199925899506,1058787
2022-07-12,0.22565600275993347,0.23015999794006348,0.2149379998445511,0.22358599305152893,0.22358599305152893,2318963
2022-07-13,0.22377899289131165,0.23443500697612762,0.22128400206565857,0.23284800350666046,0.23284800350666046,1723570
2022-07-14,0.23291300237178802,0.2337300032377243,0.22721199691295624,0.23304100334644318,0.23304100334644318,1065829
2022-07-15,0.23291799426078796,0.2722479999065399,0.23208700120449066,0.24704499542713165,0.24704499542713165,3311833
2022-07-16,0.24682700634002686,0.2644810080528259,0.24094000458717346,0.25284498929977417,0.25284498929977417,3079177
2022-07-17,0.25280898809432983,0.262037992477417,0.25178998708724976,0.25366801023483276,0.25366801023483276,1860516
2022-07-18,0.2537490129470825,0.27549999952316284,0.2537490129470825,0.26715800166130066,0.26715800166130066,3411657
2022-07-19,0.2663309872150421,0.2830120027065277,0.26465800404548645,0.2726899981498718,0.2726899981498718,5985186
2022-07-20,0.27262499928474426,0.27702999114990234,0.26201099157333374,0.26320400834083557,0.26320400834083557,1387821
2022-07-21,0.2630409896373749,0.2685439884662628,0.25627899169921875,0.26702699065208435,0.26702699065208435,911547
2022-07-22,0.2669509947299957,0.27810999751091003,0.260547012090683,0.26218101382255554,0.26218101382255554,2383189
2022-07-23,0.26220598816871643,0.2653520107269287,0.25443699955940247,0.2627260088920593,0.2627260088920593,921858
2022-07-24,0.26282599568367004,0.2674500048160553,0.2620129883289337,0.2661699950695038,0.2661699950695038,775986
2022-07-25,0.26615801453590393,0.27532699704170227,0.25169599056243896,0.2525849938392639,0.2525849938392639,4484716
2022-07-26,0.25252199172973633,0.2545050084590912,0.24278099834918976,0.2536270022392273,0.2536270022392273,969039
2022-07-27,0.2535179853439331,0.2751849889755249,0.24848400056362152,0.27193498611450195,0.27193498611450195,3978947
2022-07-28,0.2718450129032135,0.3370569944381714,0.26734501123428345,0.33138999342918396,0.33138999342918396,14205278
2022-07-29,0.3313150107860565,0.41200700402259827,0.3088630139827728,0.3133639991283417,0.3133639991283417,16697748
2022-07-30,0.3130210041999817,0.32461899518966675,0.3024359941482544,0.31002599000930786,0.31002599000930786,3254996
2022-07-31,0.3100750148296356,0.3305099904537201,0.30733299255371094,0.315528005361557,0.315528005361557,5703950
2022-08-01,0.3156900107860565,0.32287800312042236,0.29256099462509155,0.29418501257896423,0.29418501257896423,3828361
2022-08-02,0.2939920127391815,0.30693599581718445,0.28890201449394226,0.29826799035072327,0.29826799035072327,1998902
2022-08-03,0.298334002494812,0.29881998896598816,0.2916580140590668,0.2941640019416809,0.2941640019416809,882274
2022-08-04,0.2941800057888031,0.29617398977279663,0.2903769910335541,0.29161199927330017,0.29161199927330017,611152
2022-08-05,0.2916949987411499,0.29967400431632996,0.2909579873085022,0.29844099283218384,0.29844099283218384,1081471
2022-08-06,0.2981779873371124,0.3179500102996826,0.29658299684524536,0.30281099677085876,0.30281099677085876,1303169
2022-08-07,0.30309000611305237,0.31278499960899353,0.29867300391197205,0.304190993309021,0.304190993309021,1114025
2022-08-08,0.3041459918022156,0.31266000866889954,0.303631991147995,0.30670401453971863,0.30670401453971863,852223
2022-08-09,0.3069069981575012,0.3069069981575012,0.29113999009132385,0.3001309931278229,0.3001309931278229,2571641
2022-08-10,0.2998430132865906,0.30808499455451965,0.29216501116752625,0.3068000078201294,0.3068000078201294,1117559
2022-08-11,0.30688199400901794,0.31305500864982605,0.3056449890136719,0.30728599429130554,0.30728599429130554,1191010
2022-08-12,0.30711400508880615,0.31630098819732666,0.3055489957332611,0.3148359954357147,0.3148359954357147,658788
2022-08-13,0.3143729865550995,0.3146919906139374,0.30961599946022034,0.3121500015258789,0.3121500015258789,540177
2022-08-14,0.31218698620796204,0.31606701016426086,0.3045090138912201,0.30707699060440063,0.30707699060440063,839806
2022-08-15,0.306986004114151,0.3246009945869446,0.30050501227378845,0.3017539978027344,0.3017539978027344,2339582
2022-08-16,0.301595002412796,0.30761200189590454,0.2985210120677948,0.300025999546051,0.300025999546051,941170
2022-08-17,0.2998580038547516,0.3032349944114685,0.2894519865512848,0.2901090085506439,0.2901090085506439,689156
2022-08-18,0.29016798734664917,0.3050279915332794,0.2894609868526459,0.2935760021209717,0.2935760021209717,1620264
2022-08-19,0.29353201389312744,0.29353201389312744,0.26251500844955444,0.2627129852771759,0.2627129852771759,1069324
2022-08-20,0.26256999373435974,0.27393200993537903,0.2596909999847412,0.2646859884262085,0.2646859884262085,1749138
2022-08-21,0.26472800970077515,0.27753400802612305,0.26426899433135986,0.2771899998188019,0.2771899998188019,608851
2022-08-22,0.27716898918151855,0.2773970067501068,0.268779993057251,0.27519699931144714,0.27519699931144714,872084
2022-08-23,0.27520498633384705,0.2776840031147003,0.271230012178421,0.2772499918937683,0.2772499918937683,462646
2022-08-24,0.2770400047302246,0.2781040072441101,0.2728790044784546,0.2761690020561218,0.2761690020561218,384012
2022-08-25,0.2760460078716278,0.2801609933376312,0.2752760052680969,0.27819499373435974,0.27819499373435974,844406
2022-08-26,0.27816200256347656,0.28262999653816223,0.2618269920349121,0.2622930109500885,0.2622930109500885,814767
2022-08-27,0.2621920108795166,0.26259300112724304,0.2533630132675171,0.25560298562049866,0.25560298562049866,470908
2022-08-28,0.2556230127811432,0.2578420042991638,0.2504329979419708,0.2504329979419708,0.2504329979419708,382978
2022-08-29,0.2502860128879547,0.2540929913520813,0.24803200364112854,0.2528870105743408,0.2528870105743408,461148
2022-08-30,0.25289198756217957,0.25673699378967285,0.24880699813365936,0.24922500550746918,0.24922500550746918,654227
2022-08-31,0.24938300251960754,0.25589799880981445,0.24938300251960754,0.25517699122428894,0.25517699122428894,495111
2022-09-01,0.2551630139350891,0.26372501254081726,0.2544569969177246,0.26202601194381714,0.26202601194381714,1249055
2022-09-02,0.2619670033454895,0.26207900047302246,0.2536109983921051,0.2538810074329376,0.2538810074329376,618226
2022-09-03,0.2538209855556488,0.2568739950656891,0.25291600823402405,0.25526899099349976,0.25526899099349976,797208
2022-09-04,0.255374014377594,0.2834720015525818,0.2542169988155365,0.2593500018119812,0.2593500018119812,1843816
2022-09-05,0.2594679892063141,0.2812129855155945,0.2584800124168396,0.2699269950389862,0.2699269950389862,7820379
2022-09-06,0.2700670063495636,0.2708500027656555,0.2549299895763397,0.2551009953022003,0.2551009953022003,1351799
2022-09-07,0.25496700406074524,0.2568570077419281,0.2512049973011017,0.25386399030685425,0.25386399030685425,837777
2022-09-08,0.25382399559020996,0.25478601455688477,0.2511270046234131,0.2517769932746887,0.2517769932746887,1201796
2022-09-09,0.2517069876194,0.257874995470047,0.24535499513149261,0.25366100668907166,0.25366100668907166,2539082
2022-09-10,0.2538740038871765,0.28652501106262207,0.2516610026359558,0.25909900665283203,0.25909900665283203,2178177
2022-09-11,0.2590569853782654,0.265720009803772,0.2537989914417267,0.25934699177742004,0.25934699177742004,857332
2022-09-12,0.25929901003837585,0.25953298807144165,0.2511430084705353,0.25296100974082947,0.25296100974082947,544427
2022-09-13,0.25290998816490173,0.4205929934978485,0.2515060007572174,0.31916600465774536,0.31916600465774536,19747920
2022-09-14,0.353316992521286,0.3582009971141815,0.2666209936141968,0.2763110101222992,0.2763110101222992,4600910
2022-09-15,0.27666598558425903,0.28318700194358826,0.2598010003566742,0.26121199131011963,0.26121199131011963,1163601
2022-09-16,0.26146000623703003,0.26395198702812195,0.25165098905563354,0.25496700406074524,0.25496700406074524,939276
2022-09-17,0.2550309896469116,0.2551720142364502,0.2494789958000183,0.2497970014810562,0.2497970014810562,406031
2022-09-18,0.2495180070400238,0.2526170015335083,0.23936200141906738,0.2399269938468933,0.2399269938468933,476067
2022-09-19,0.23989799618721008,0.24029099941253662,0.22988900542259216,0.23660700023174286,0.23660700023174286,720225
2022-09-20,0.23668700456619263,0.24280600249767303,0.23574799299240112,0.23719200491905212,0.23719200491905212,604772
2022-09-21,0.23710599541664124,0.2408359944820404,0.23435300588607788,0.23583699762821198,0.23583699762821198,585994
2022-09-22,0.2355249971151352,0.23712700605392456,0.232122004032135,0.23601999878883362,0.23601999878883362,426115
2022-09-23,0.23603099584579468,0.24623799324035645,0.2350510060787201,0.2359289973974228,0.2359289973974228,828616
2022-09-24,0.23590800166130066,0.23976300656795502,0.2353689968585968,0.237418994307518,0.237418994307518,1934501
2022-09-25,0.23741500079631805,0.2385140061378479,0.23309099674224854,0.23327000439167023,0.23327000439167023,435315
2022-09-26,0.23339399695396423,0.23789599537849426,0.2328539937734604,0.23768000304698944,0.23768000304698944,470579
2022-09-27,0.2375209927558899,0.2431900054216385,0.23528799414634705,0.24104200303554535,0.24104200303554535,562891
2022-09-28,0.24161100387573242,0.2443220019340515,0.23833400011062622,0.24156300723552704,0.24156300723552704,788408
2022-09-29,0.24142900109291077,0.24244500696659088,0.23079000413417816,0.23420000076293945,0.23420000076293945,525692
2022-09-30,0.2339629977941513,0.2801850140094757,0.2329760044813156,0.2505030035972595,0.2505030035972595,2974643
2022-10-01,0.2506699860095978,0.25137001276016235,0.23364299535751343,0.23776400089263916,0.23776400089263916,1673624
2022-10-02,0.23776499927043915,0.2378299981355667,0.23162700235843658,0.23216399550437927,0.23216399550437927,741255
2022-10-03,0.23228499293327332,0.23751799762248993,0.23153899610042572,0.23679499328136444,0.23679499328136444,253702
2022-10-04,0.23683199286460876,0.24310199916362762,0.23560500144958496,0.23969599604606628,0.23969599604606628,474317
2022-10-05,0.23975899815559387,0.24327899515628815,0.23910300433635712,0.24300900101661682,0.24300900101661682,955223
2022-10-06,0.24279999732971191,0.25780001282691956,0.2369990050792694,0.23944999277591705,0.23944999277591705,1920155
2022-10-07,0.23862600326538086,0.24011799693107605,0.23324400186538696,0.2332949936389923,0.2332949936389923,1245502
2022-10-08,0.23339900374412537,0.23566100001335144,0.23181599378585815,0.23385299742221832,0.23385299742221832,462070
2022-10-09,0.23384399712085724,0.2354159951210022,0.23285700380802155,0.23523899912834167,0.23523899912834167,335772
2022-10-10,0.23506900668144226,0.2355639934539795,0.23154500126838684,0.23158800601959229,0.23158800601959229,1155095
2022-10-11,0.23155200481414795,0.23690499365329742,0.23155200481414795,0.232914000749588,0.232914000749588,1715616
2022-10-12,0.23287400603294373,0.23410199582576752,0.22815099358558655,0.23087100684642792,0.23087100684642792,808068
2022-10-13,0.23088699579238892,0.23113200068473816,0.21331100165843964,0.22094300389289856,0.22094300389289856,933322
2022-10-14,0.22089099884033203,0.22449800372123718,0.2204499989748001,0.224030002951622,0.224030002951622,575815
2022-10-15,0.22401200234889984,0.22737300395965576,0.22294600307941437,0.22318699955940247,0.22318699955940247,1046169
2022-10-16,0.2233230024576187,0.23124299943447113,0.22329500317573547,0.23086099326610565,0.23086099326610565,413776
2022-10-17,0.23096199333667755,0.25261199474334717,0.23096199333667755,0.23344799876213074,0.23344799876213074,4208564
2022-10-18,0.23341399431228638,0.23341399431228638,0.22557799518108368,0.22806400060653687,0.22806400060653687,718450
2022-10-19,0.22822299599647522,0.22828200459480286,0.22036899626255035,0.22160199284553528,0.22160199284553528,636107
2022-10-20,0.22155199944972992,0.22299599647521973,0.21882300078868866,0.22239400446414948,0.22239400446414948,290019
2022-10-21,0.22235000133514404,0.22745800018310547,0.22196899354457855,0.22505000233650208,0.22505000233650208,1198570
2022-10-22,0.22509099543094635,0.2255460023880005,0.22077099978923798,0.22486700117588043,0.22486700117588043,416877
2022-10-23,0.22501400113105774,0.22910599410533905,0.2248460054397583,0.2280309945344925,0.2280309945344925,314611
2022-10-24,0.2281160056591034,0.22871699929237366,0.2237350046634674,0.22432400286197662,0.22432400286197662,384993
2022-10-25,0.22418099641799927,0.2357189953327179,0.22305400669574738,0.23352600634098053,0.23352600634098053,606127
2022-10-26,0.23335200548171997,0.23770800232887268,0.22889499366283417,0.23177599906921387,0.23177599906921387,642079
2022-10-27,0.2318439930677414,0.2332960069179535,0.22836799919605255,0.2288929969072342,0.2288929969072342,395996
2022-10-28,0.2288070023059845,0.23232799768447876,0.2272379994392395,0.2319899946451187,0.2319899946451187,275115
2022-10-29,0.23200500011444092,0.23712800443172455,0.22902999818325043,0.22985099256038666,0.22985099256038666,562307
2022-10-30,0.22984300553798676,0.2319370061159134,0.22735999524593353,0.2281150072813034,0.2281150072813034,379189
2022-10-31,0.22816899418830872,0.22875499725341797,0.22476999461650848,0.22630800306797028,0.22630800306797028,305581
2022-11-01,0.22647500038146973,0.22716699540615082,0.22483499348163605,0.22530099749565125,0.22530099749565125,289874
2022-11-02,0.22542600333690643,0.22850100696086884,0.22496600449085236,0.22589799761772156,0.22589799761772156,1170485
2022-11-03,0.22593000531196594,0.2344519942998886,0.2253659963607788,0.23203100264072418,0.23203100264072418,1370224
2022-11-04,0.23189899325370789,0.24619999527931213,0.23139800131320953,0.24572500586509705,0.24572500586509705,1473000
2022-11-05,0.24586400389671326,0.2527340054512024,0.24487000703811646,0.24899700284004211,0.24899700284004211,2122542
2022-11-06,0.24901099503040314,0.2497120052576065,0.24511699378490448,0.24538899958133698,0.24538899958133698,659012
2022-11-07,0.24544499814510345,0.24653099477291107,0.23847399652004242,0.23993900418281555,0.23993900418281555,818251
2022-11-08,0.2397570013999939,0.2404700070619583,0.2021459937095642,0.20587700605392456,0.20587700605392456,1097814
2022-11-09,0.2064869999885559,0.2076209932565689,0.1800830066204071,0.1806039959192276,0.1806039959192276,1179811
2022-11-10,0.1805810034275055,0.1936340034008026,0.1723639965057373,0.19177700579166412,0.19177700579166412,1414177
2022-11-11,0.19171099364757538,0.1954129934310913,0.1838340014219284,0.18892699480056763,0.18892699480056763,829743
2022-11-12,0.1871650069952011,0.18927299976348877,0.1786630004644394,0.1797810047864914,0.1797810047864914,265023
2022-11-13,0.18097999691963196,0.18105900287628174,0.1690869927406311,0.17182500660419464,0.17182500660419464,349426
2022-11-14,0.17093700170516968,0.1728300005197525,0.16429899632930756,0.16659200191497803,0.16659200191497803,545726
2022-11-15,0.16624799370765686,0.17795099318027496,0.16601799428462982,0.17355099320411682,0.17355099320411682,644443
2022-11-16,0.17270900309085846,0.17442399263381958,0.16739800572395325,0.17259599268436432,0.17259599268436432,500247
2022-11-17,0.1737309992313385,0.1743520051240921,0.16496500372886658,0.16872499883174896,0.16872499883174896,492389
2022-11-18,0.16885200142860413,0.1707260012626648,0.16561900079250336,0.16696999967098236,0.16696999967098236,362383
2022-11-19,0.16712099313735962,0.17569899559020996,0.16514499485492706,0.17563700675964355,0.17563700675964355,315031
2022-11-20,0.17573000490665436,0.2011210024356842,0.17236100137233734,0.18503299355506897,0.18503299355506897,2098809
2022-11-21,0.18498100340366364,0.18599100410938263,0.1620599925518036,0.167820006608963,0.167820006608963,1424616
2022-11-22,0.1681009978055954,0.16946500539779663,0.16018199920654297,0.16911399364471436,0.16911399364471436,495506
2022-11-23,0.16914799809455872,0.17444300651550293,0.16720500588417053,0.17360100150108337,0.17360100150108337,376567
2022-11-24,0.1736930012702942,0.1749819964170456,0.17075100541114807,0.17259199917316437,0.17259199917316437,340201
2022-11-25,0.17258299887180328,0.17282700538635254,0.16866900026798248,0.17071400582790375,0.17071400582790375,332350
2022-11-26,0.17058399319648743,0.17395000159740448,0.17032299935817719,0.172448992729187,0.172448992729187,199533
2022-11-27,0.17278200387954712,0.17288699746131897,0.167836993932724,0.16794100403785706,0.16794100403785706,177147
2022-11-28,0.16804899275302887,0.16846799850463867,0.16445299983024597,0.16484299302101135,0.16484299302101135,225333
2022-11-29,0.16488400101661682,0.16747300326824188,0.16402600705623627,0.1659809947013855,0.1659809947013855,164767
2022-11-30,0.16591399908065796,0.17619000375270844,0.1656150072813034,0.1751910001039505,0.1751910001039505,385734
2022-12-01,0.17522700130939484,0.17665499448776245,0.1725970059633255,0.17396099865436554,0.17396099865436554,214088
2022-12-02,0.17396700382232666,0.17548500001430511,0.1723870038986206,0.1751829981803894,0.1751829981803894,146003
2022-12-03,0.175245001912117,0.17597399652004242,0.17244300246238708,0.17273500561714172,0.17273500561714172,163442
2022-12-04,0.17272399365901947,0.17478899657726288,0.17216700315475464,0.17421899735927582,0.17421899735927582,250469
2022-12-05,0.17415599524974823,0.19493800401687622,0.1730480045080185,0.1766670048236847,0.1766670048236847,2839766
2022-12-06,0.17680199444293976,0.17910100519657135,0.1746080070734024,0.1770630031824112,0.1770630031824112,1056545
2022-12-07,0.1768990010023117,0.17773200571537018,0.17315000295639038,0.17315000295639038,0.17315000295639038,284209
2022-12-08,0.17320699989795685,0.1740970015525818,0.17042000591754913,0.17392799258232117,0.17392799258232117,259211
2022-12-09,0.17401500046253204,0.17822299897670746,0.17311899363994598,0.17798000574111938,0.17798000574111938,622846
2022-12-10,0.1780869960784912,0.18528799712657928,0.1770540028810501,0.18256500363349915,0.18256500363349915,760261
2022-12-11,0.18240399658679962,0.18240399658679962,0.17159399390220642,0.1764809936285019,0.1764809936285019,381690
2022-12-12,0.17663200199604034,0.17664800584316254,0.17407099902629852,0.1752070039510727,0.1752070039510727,524795
2022-12-13,0.17548500001430511,0.18637000024318695,0.17548500001430511,0.18633900582790375,0.18633900582790375,517848
2022-12-14,0.1862969994544983,0.1865209937095642,0.1813959926366806,0.18214400112628937,0.18214400112628937,346351
2022-12-15,0.18219999969005585,0.18281599879264832,0.17812900245189667,0.1781349927186966,0.1781349927186966,287039
2022-12-16,0.17821599543094635,0.1803320050239563,0.17068099975585938,0.17150400578975677,0.17150400578975677,456648
2022-12-17,0.1714099943637848,0.17186099290847778,0.167480006814003,0.16792500019073486,0.16792500019073486,267050
2022-12-18,0.1679369956254959,0.1711210012435913,0.16738100349903107,0.1693210005760193,0.1693210005760193,174070
2022-12-19,0.16926899552345276,0.16967299580574036,0.16513699293136597,0.1676899939775467,0.1676899939775467,726017
2022-12-20,0.16777999699115753,0.18185199797153473,0.16742999851703644,0.17512300610542297,0.17512300610542297,1963672
2022-12-21,0.17511099576950073,0.17643499374389648,0.17299799621105194,0.1761550009250641,0.1761550009250641,467870
2022-12-22,0.1762309968471527,0.1779240071773529,0.17163300514221191,0.17294299602508545,0.17294299602508545,375567
2022-12-23,0.17295899987220764,0.17327000200748444,0.17016300559043884,0.17093700170516968,0.17093700170516968,383424
2022-12-24,0.17102600634098053,0.17426300048828125,0.17082500457763672,0.17396299540996552,0.17396299540996552,213680
2022-12-25,0.17384099960327148,0.17471399903297424,0.17235100269317627,0.17262700200080872,0.17262700200080872,308900
2022-12-26,0.17252999544143677,0.1728380024433136,0.16703900694847107,0.1690800040960312,0.1690800040960312,295470
2022-12-27,0.16909299790859222,0.1694899946451187,0.16588300466537476,0.16721700131893158,0.16721700131893158,246012
2022-12-28,0.16718700528144836,0.1676509976387024,0.15887199342250824,0.15907399356365204,0.15907399356365204,269306
2022-12-29,0.15908299386501312,0.1597210019826889,0.15556800365447998,0.15661099553108215,0.15661099553108215,289770
2022-12-30,0.1566690057516098,0.1589449942111969,0.1535699963569641,0.15648199617862701,0.15648199617862701,257154
2022-12-31,0.15630200505256653,0.15988799929618835,0.1520169973373413,0.15765999257564545,0.15765999257564545,1531443
2023-01-01,0.15737499296665192,0.15881800651550293,0.1549929976463318,0.15626299381256104,0.15626299381256104,372295
2023-01-02,0.15613600611686707,0.15937300026416779,0.15613600611686707,0.1585170030593872,0.1585170030593872,572197
2023-01-03,0.15808799862861633,0.1593180000782013,0.1574690043926239,0.1589449942111969,0.1589449942111969,333394
2023-01-04,0.15896399319171906,0.1609099954366684,0.15812300145626068,0.16001500189304352,0.16001500189304352,494192
2023-01-05,0.15971699357032776,0.16087499260902405,0.15792900323867798,0.1581459939479828,0.1581459939479828,219906
2023-01-06,0.15844100713729858,0.15966300666332245,0.15674999356269836,0.15950599312782288,0.15950599312782288,220157
2023-01-07,0.15955600142478943,0.1597909927368164,0.156917005777359,0.1585790067911148,0.1585790067911148,109354
2023-01-08,0.15849700570106506,0.15968500077724457,0.15655599534511566,0.1594499945640564,0.1594499945640564,169564
2023-01-09,0.15968799591064453,0.16205599904060364,0.15814100205898285,0.16062699258327484,0.16062699258327484,352678
2023-01-10,0.16124600172042847,0.16585299372673035,0.1601489931344986,0.16485600173473358,0.16485600173473358,291812
2023-01-11,0.1648930013179779,0.16878999769687653,0.16463400423526764,0.16850100457668304,0.16850100457668304,370899
2023-01-12,0.16905300319194794,0.17169399559497833,0.16806699335575104,0.16998599469661713,0.16998599469661713,529047
2023-01-13,0.17019900679588318,0.18041500449180603,0.16501200199127197,0.17766200006008148,0.17766200006008148,692112
2023-01-14,0.1775600016117096,0.18507200479507446,0.17746800184249878,0.18441499769687653,0.18441499769687653,608365
2023-01-15,0.18421900272369385,0.18643499910831451,0.1814430058002472,0.18518300354480743,0.18518300354480743,359444
2023-01-16,0.185248002409935,0.18962399661540985,0.18245099484920502,0.18347600102424622,0.18347600102424622,357127
2023-01-17,0.1834779977798462,0.18627700209617615,0.18123599886894226,0.18501199781894684,0.18501199781894684,552259
2023-01-18,0.18493899703025818,0.18702800571918488,0.17863699793815613,0.1809079945087433,0.1809079945087433,544336
2023-01-19,0.1809989959001541,0.18232199549674988,0.17933900654315948,0.1813810020685196,0.1813810020685196,451552
2023-01-20,0.1812800019979477,0.1896589994430542,0.17963600158691406,0.18911799788475037,0.18911799788475037,485511
2023-01-21,0.18938200175762177,0.1940000057220459,0.1881529986858368,0.19080699980258942,0.19080699980258942,416507
2023-01-22,0.19070099294185638,0.1927649974822998,0.18824799358844757,0.18888799846172333,0.18888799846172333,395439
2023-01-23,0.18890899419784546,0.19188199937343597,0.18874600529670715,0.19186000525951385,0.19186000525951385,435699
2023-01-24,0.19161300361156464,0.1995600014925003,0.1878100037574768,0.18837900459766388,0.18837900459766388,1121938
2023-01-25,0.18830999732017517,0.18945500254631042,0.18340100347995758,0.1893790066242218,0.1893790066242218,665810
2023-01-26,0.18932199478149414,0.1914069950580597,0.18856100738048553,0.189751997590065,0.189751997590065,452378
2023-01-27,0.18967600166797638,0.19274699687957764,0.18877199292182922,0.19219300150871277,0.19219300150871277,479625
2023-01-28,0.19175100326538086,0.19469699263572693,0.1916929930448532,0.19408300518989563,0.19408300518989563,497250
2023-01-29,0.19393399357795715,0.20269200205802917,0.19378499686717987,0.20173199474811554,0.20173199474811554,458515
2023-01-30,0.20162199437618256,0.20722800493240356,0.19925199449062347,0.20012499392032623,0.20012499392032623,1382145
2023-01-31,0.20048700273036957,0.2033279985189438,0.19607500731945038,0.19942699372768402,0.19942699372768402,791193
2023-02-01,0.19963499903678894,0.20101399719715118,0.19452300667762756,0.19896499812602997,0.19896499812602997,502007
2023-02-02,0.1988610029220581,0.20096999406814575,0.1965090036392212,0.19861599802970886,0.19861599802970886,557333
2023-02-03,0.19849300384521484,0.20217999815940857,0.19790500402450562,0.19843800365924835,0.19843800365924835,352987
2023-02-04,0.19846899807453156,0.20298099517822266,0.19805699586868286,0.20100699365139008,0.20100699365139008,751314
2023-02-05,0.20146499574184418,0.20175699889659882,0.196275994181633,0.20020100474357605,0.20020100474357605,666925
2023-02-06,0.20037400722503662,0.20651400089263916,0.19844600558280945,0.20433799922466278,0.20433799922466278,1666219
2023-02-07,0.20427000522613525,0.2462099939584732,0.2036619931459427,0.2247219979763031,0.2247219979763031,8783325
2023-02-08,0.22475700080394745,0.22922199964523315,0.21546199917793274,0.21547800302505493,0.21547800302505493,1124079
2023-02-09,0.21552099287509918,0.21559199690818787,0.19426000118255615,0.19431400299072266,0.19431400299072266,1488341
2023-02-10,0.1944340020418167,0.19458000361919403,0.18664099276065826,0.18845400214195251,0.18845400214195251,277539
2023-02-11,0.18848200142383575,0.1946060061454773,0.18673300743103027,0.19260500371456146,0.19260500371456146,591248
2023-02-12,0.19270700216293335,0.1944500058889389,0.19158899784088135,0.19327899813652039,0.19327899813652039,243498
2023-02-13,0.19334900379180908,0.19476300477981567,0.18613700568675995,0.1886570006608963,0.1886570006608963,1803699
2023-02-14,0.1884389966726303,0.21375000476837158,0.18821999430656433,0.20558799803256989,0.20558799803256989,1569495
2023-02-15,0.20552900433540344,0.20583200454711914,0.19504299759864807,0.2043820023536682,0.2043820023536682,620485
2023-02-16,0.20430900156497955,0.21246400475502014,0.19528500735759735,0.19627699255943298,0.19627699255943298,886977
2023-02-17,0.1962900012731552,0.2028689980506897,0.1951809972524643,0.2014240026473999,0.2014240026473999,718891
2023-02-18,0.20129799842834473,0.20584599673748016,0.20129799842834473,0.2049430012702942,0.2049430012702942,546842
2023-02-19,0.2049340009689331,0.21570199728012085,0.20362800359725952,0.2124830037355423,0.2124830037355423,1419255
2023-02-20,0.21291500329971313,0.21460199356079102,0.20826299488544464,0.2144249975681305,0.2144249975681305,798023
2023-02-21,0.21422399580478668,0.2269030064344406,0.21383999288082123,0.21948599815368652,0.21948599815368652,1588392
2023-02-22,0.2195490002632141,0.32267001271247864,0.2195490002632141,0.2582480013370514,0.2582480013370514,39041567
2023-02-23,0.2580200135707855,0.26011601090431213,0.23082900047302246,0.23349300026893616,0.23349300026893616,5358931
2023-02-24,0.2336689978837967,0.23403300344944,0.21708999574184418,0.21820400655269623,0.21820400655269623,2557830
2023-02-25,0.2183849960565567,0.21843799948692322,0.2052830010652542,0.2077839970588684,0.2077839970588684,1117699
2023-02-26,0.20785599946975708,0.21235999464988708,0.20210500061511993,0.20683200657367706,0.20683200657367706,855568
2023-02-27,0.2068289965391159,0.21163100004196167,0.20562300086021423,0.20722399652004242,0.20722399652004242,978258
2023-02-28,0.2072809934616089,0.20972700417041779,0.20427200198173523,0.20429399609565735,0.20429399609565735,572878
2023-03-01,0.20434099435806274,0.21358700096607208,0.2014939934015274,0.20325300097465515,0.20325300097465515,754604
2023-03-02,0.20327599346637726,0.20793099701404572,0.2017199993133545,0.20333600044250488,0.20333600044250488,932650
2023-03-03,0.20326699316501617,0.20330999791622162,0.1910579949617386,0.19341200590133667,0.19341200590133667,774348
2023-03-04,0.19366900622844696,0.19564199447631836,0.19034400582313538,0.19422300159931183,0.19422300159931183,425875
2023-03-05,0.19414299726486206,0.1997150033712387,0.1917559951543808,0.1968419998884201,0.1968419998884201,368726
2023-03-06,0.1969660073518753,0.19697199761867523,0.1914840042591095,0.19452500343322754,0.19452500343322754,256448
2023-03-07,0.19460800290107727,0.194924995303154,0.1908240020275116,0.19229599833488464,0.19229599833488464,228572
2023-03-08,0.1924770027399063,0.2030639946460724,0.1903820037841797,0.20011000335216522,0.20011000335216522,878789
2023-03-09,0.19956399500370026,0.20316100120544434,0.18510499596595764,0.1857600063085556,0.1857600063085556,901629
2023-03-10,0.1859540045261383,0.18598799407482147,0.1664009988307953,0.17392000555992126,0.17392000555992126,736034
2023-03-11,0.17411500215530396,0.17969700694084167,0.1715649962425232,0.17292700707912445,0.17292700707912445,348132
2023-03-12,0.1727440059185028,0.18132099509239197,0.167930006980896,0.18132099509239197,0.18132099509239197,320938
2023-03-13,0.18163800239562988,0.19091999530792236,0.18068599700927734,0.188059002161026,0.188059002161026,427453
2023-03-14,0.18848200142383575,0.20482300221920013,0.18732400238513947,0.19317400455474854,0.19317400455474854,714470
2023-03-15,0.1929509937763214,0.19485600292682648,0.18760499358177185,0.18815000355243683,0.18815000355243683,436401
2023-03-16,0.18815100193023682,0.20496299862861633,0.18700499832630157,0.19308599829673767,0.19308599829673767,1479100
2023-03-17,0.1931529939174652,0.20070700347423553,0.19089700281620026,0.20040099322795868,0.20040099322795868,404983
2023-03-18,0.20038999617099762,0.20864999294281006,0.19858400523662567,0.20076599717140198,0.20076599717140198,443858
2023-03-19,0.20070399343967438,0.20558099448680878,0.20021499693393707,0.20474499464035034,0.20474499464035034,307524
2023-03-20,0.2046699970960617,0.21274399757385254,0.20145300030708313,0.20189900696277618,0.20189900696277618,1131190
2023-03-21,0.2021930068731308,0.20408500730991364,0.19990700483322144,0.2008019983768463,0.2008019983768463,420000
2023-03-22,0.20078900456428528,0.20188499987125397,0.19518700242042542,0.19574600458145142,0.19574600458145142,279884
2023-03-23,0.19577600061893463,0.2054309993982315,0.19562000036239624,0.201433002948761,0.201433002948761,225864
2023-03-24,0.20153400301933289,0.2026430070400238,0.19532500207424164,0.19615499675273895,0.19615499675273895,155199
2023-03-25,0.19611899554729462,0.1961590051651001,0.1894949972629547,0.1898770034313202,0.1898770034313202,170983
2023-03-26,0.18985599279403687,0.19552099704742432,0.18903100490570068,0.19474300742149353,0.19474300742149353,138000
2023-03-27,0.19462299346923828,0.1952809989452362,0.1895419955253601,0.18955400586128235,0.18955400586128235,306085
2023-03-28,0.1895579993724823,0.19185300171375275,0.1869100034236908,0.18881499767303467,0.18881499767303467,241866
2023-03-29,0.18774199485778809,0.19585999846458435,0.1870969980955124,0.1940550059080124,0.1940550059080124,247379
2023-03-30,0.19408699870109558,0.19561199843883514,0.18920299410820007,0.1901630014181137,0.1901630014181137,159798
2023-03-31,0.19020099937915802,0.19351699948310852,0.1889220029115677,0.19305400550365448,0.19305400550365448,187234
2023-04-01,0.19309300184249878,0.19460399448871613,0.19039000570774078,0.19335000216960907,0.19335000216960907,146661
2023-04-02,0.19152100384235382,0.1945600062608719,0.18983300030231476,0.19020499289035797,0.19020499289035797,122555
2023-04-03,0.19003300368785858,0.19078600406646729,0.1877489984035492,0.18921799957752228,0.18921799957752228,113973
2023-04-04,0.18919700384140015,0.19636599719524384,0.18896499276161194,0.19529500603675842,0.19529500603675842,203471
2023-04-05,0.1950480043888092,0.19921299815177917,0.1950480043888092,0.19676700234413147,0.19676700234413147,246682
2023-04-06,0.19695499539375305,0.19697299599647522,0.1945129930973053,0.19543099403381348,0.19543099403381348,236711
2023-04-07,0.1953829973936081,0.19604599475860596,0.1934320032596588,0.1935950070619583,0.1935950070619583,140032
2023-04-08,0.19370000064373016,0.19767799973487854,0.19326399266719818,0.19737300276756287,0.19737300276756287,211026
2023-04-09,0.19734099507331848,0.20102199912071228,0.19602400064468384,0.20046000182628632,0.20046000182628632,187715
2023-04-10,0.20051899552345276,0.22950099408626556,0.20051899552345276,0.20672300457954407,0.20672300457954407,3314127
2023-04-11,0.20675599575042725,0.20683099329471588,0.20139899849891663,0.20221799612045288,0.20221799612045288,383045
2023-04-12,0.20210899412631989,0.20957200229167938,0.2001579999923706,0.20486900210380554,0.20486900210380554,2338732
2023-04-13,0.2079319953918457,0.20897400379180908,0.20174099504947662,0.2039629966020584,0.2039629966020584,400741
2023-04-14,0.20400400459766388,0.20681899785995483,0.2007869929075241,0.20466400682926178,0.20466400682926178,296087
2023-04-15,0.2045460045337677,0.2045460045337677,0.2005160003900528,0.2008569985628128,0.2008569985628128,161881
2023-04-16,0.20076000690460205,0.20273199677467346,0.20025399327278137,0.2019280046224594,0.2019280046224594,204245
2023-04-17,0.20200499892234802,0.20242199301719666,0.1986670047044754,0.19959700107574463,0.19959700107574463,206006
2023-04-18,0.19965499639511108,0.20215199887752533,0.19856299459934235,0.20037400722503662,0.20037400722503662,194578
2023-04-19,0.20033299922943115,0.2011290043592453,0.19050900638103485,0.19146299362182617,0.19146299362182617,309294
2023-04-20,0.19146500527858734,0.19146500527858734,0.18703199923038483,0.18804000318050385,0.18804000318050385,316587
2023-04-21,0.18806900084018707,0.18920700252056122,0.17609000205993652,0.17674599587917328,0.17674599587917328,352547
2023-04-22,0.17675000429153442,0.17939099669456482,0.17631599307060242,0.17913000285625458,0.17913000285625458,137488
2023-04-23,0.17914199829101562,0.1814350038766861,0.17677800357341766,0.17959800362586975,0.17959800362586975,106850
2023-04-24,0.17961399257183075,0.21382400393486023,0.17896200716495514,0.184798002243042,0.184798002243042,4381552
2023-04-25,0.1846500039100647,0.2123190015554428,0.18373599648475647,0.1898059993982315,0.1898059993982315,8871201
2023-04-26,0.18975099921226501,0.19123899936676025,0.17823199927806854,0.18167999386787415,0.18167999386787415,1162291
2023-04-27,0.1818230003118515,0.18713299930095673,0.1799750030040741,0.18261300027370453,0.18261300027370453,445501
2023-04-28,0.18283399939537048,0.1841610074043274,0.18080100417137146,0.18092599511146545,0.18092599511146545,333877
2023-04-29,0.18109099566936493,0.18368099629878998,0.18092699348926544,0.18199199438095093,0.18199199438095093,312894
2023-04-30,0.18195274472236633,0.18263459205627441,0.18030588328838348,0.1812797337770462,0.1812797337770462,224687
